1473246,snp,A,G,G:20 A:0,rRNA,+,,,non_coding_transcript_variant  ,,rrs,Ribosomal RNA 16S
p.Ile251Val,Rv0260c,
p.Ala85Val,Rv1830,
p.Lys315Glu,Rv3467,
1472359,snp,A,C,C:20 A:0,rRNA,+,,,non_coding_transcript_variant  ,,rrs,Ribosomal RNA 16S
1673425,snp,C,T,T:20 C:0
2487490,del,AG,A,A:20 AG:0
4056430,snp,T,C,C:20 T:0
p.Val188Ala,Rv3806c,ubiA
p.Ile1106Thr,Rv0667,rpoB
p.Leu275Pro,Rv2000,
664929,snp,C,A,A:20 C:0
1029386,ins,G,GCGC,GCGC:19 G:0
2637541,snp,C,T,T:13 C:0
p.Ala431Thr,Rv0897c,
p.Val740Ile,Rv3870,eccCa1
714158,del,GT,G,G:19 GT:0
1852176,del,CT,C,C:19 CT:0
