p.Asn698Ser,Rv0668,rpoC
4327484,snp,T,C,C:20 T:0
p.Leu113Arg,Rv3423c,alr
p.Gln10Pro,Rv2043c,pncA
p.Val131fs,Rv2043c,pncA
p.Leu111fs,Rv0010c,
p.Ile491Thr,Rv0668,rpoC
p.Thr135Pro,Rv2043c,pncA
480233,ins,C,CA,CA:19 C:0
p.Tyr103*,Rv2043c,pncA
p.Cys14Arg,Rv2043c,pncA
p.Leu4Ser,Rv2043c,pncA
295716,del,GTCAAAATATA,G,G:17 GTCAAAATATA:0
p.Thr153fs,Rv2043c,pncA
4243190,snp,G,C,C:20 G:0
p.Val7Gly,Rv2043c,pncA
p.Gln497Lys,Rv3795,embB
p.Thr76Pro,Rv2043c,pncA
p.Trp68Gly,Rv2043c,pncA
p.Leu516Pro,Rv0668,rpoC
p.Leu120Pro,Rv2043c,pncA
p.Gln497Pro,Rv3795,embB
p.Trp68Arg,Rv2043c,pncA
p.His57Arg,Rv2043c,pncA
p.Ter306Trpext*?,Rv3300c,
p.Val125Gly,Rv2043c,pncA
p.Arg304His,Rv0946c,pgi
2123168,complex,TT,AG,AG:20 TT:0
p.Gln10Arg,Rv2043c,pncA
p.Leu527Val,Rv0668,rpoC
2289252,snp,T,G,G:20 T:0
p.Trp68Cys,Rv2043c,pncA
p.Cys61Gly,Rv0635,hadA
p.Lys445Arg,Rv0668,rpoC
p.Lys96Thr,Rv2043c,pncA
p.Gly464Arg,Rv3728,
p.Val139Ala,Rv2043c,pncA
p.Met180Val,Rv3806c,ubiA
p.Val517Leu,Rv0668,rpoC
p.Val473Leu,Rv1908c,katG
1961052,snp,A,C,C:20 A:0
p.Asp485Tyr,Rv0668,rpoC
p.Asp485Asn,Rv0668,rpoC
p.Leu172Pro,Rv2043c,pncA
p.Trp484Gly,Rv0668,rpoC
3430358,ins,C,CATGTACAA,CATGTACAA:16 C:1
p.Asp328Tyr,Rv3795,embB
p.Phe452Ser,Rv0668,rpoC
p.Met343Thr,Rv3423c,alr
p.Ala237Val,Rv3806c,ubiA
p.His71Tyr,Rv2043c,pncA
3482717,snp,A,G,G:13 A:0,repeat_region,-,,,intergenic_region n.3482717A>G 
p.Gly97Asp,Rv2043c,pncA
p.Pro102Ser,Rv1158c,
4052975,ins,C,CG,CG:16 C:0,repeat_region,-,30/654,10/217,frameshift_variant c.29dupG p.Ala11fs
888992,del,AACCTCAACACCCCCTCAAGTGAAGGAGG,A,A:11 AACCTCAACACCCCCTCAAGTGAAGGAGG:0
p.Pro54Leu,Rv2043c,pncA
p.Gln141Pro,Rv2043c,pncA
1109251,snp,C,A,A:20 C:0
p.Val128Gly,Rv2043c,pncA
p.Lys96Arg,Rv2043c,pncA
p.Ile43Ser,Rv2447c,folC
p.Gly97Ser,Rv2043c,pncA
p.Ser40fs,Rv2290,lppO
3243355,snp,T,C,C:20 T:0
p.GluPhe3GlyVal,Rv3488,
p.Leu159Arg,Rv2043c,pncA
p.Gly21Ala,Rv0093c,
p.Leu731Pro,Rv0667,rpoB
p.Cys14Gly,Rv2043c,pncA
2775223,snp,C,T,T:20 C:0
2726141,snp,C,A,A:20 C:0
p.Leu551fs,Rv1819c,bacA
p.Cys253fs,Rv3854c,ethA
p.Asn698His,Rv0668,rpoC
p.Glu1033Ala,Rv0668,rpoC
3302491,snp,G,A,A:20 G:0
p.LeuGly22SerSer,Rv0103c,ctpB
p.Arg262Gly,Rv2936,drrA
p.Thr47Pro,Rv0533c,fabH
p.Val581Gly,Rv1937,
1006641,snp,C,A,A:20 C:0
p.Leu27Pro,Rv2043c,pncA
p.His57Gln,Rv0024,
p.Ser104Arg,Rv2043c,pncA
p.Gln141*,Rv2043c,pncA
1371567,snp,G,T,T:20 G:0
p.Arg827Cys,Rv0667,rpoB
p.Ser67Pro,Rv2043c,pncA
p.Ser65fs,Rv2043c,pncA
p.Tyr12fs,Rv2829c,vapC22
p.Val259Gly,Rv0447c,ufaA1
659341,snp,T,C,C:13 T:0
p.Arg770His,Rv0668,rpoC
p.Cys138Arg,Rv2043c,pncA
p.Met175Val,Rv2043c,pncA
2973736,snp,T,C,C:20 T:0
p.Glu173fs,Rv2043c,pncA
p.Gly385Asp,Rv1315,murA
p.Leu507Val,Rv0668,rpoC
p.Leu85Pro,Rv2043c,pncA
p.Arg154Gly,Rv2043c,pncA
p.His445Cys,Rv0667,rpoB
p.Thr76Ala,Rv1275,lprC
p.Val139Gly,Rv2043c,pncA
p.Val82Met,Rv3363c,
p.Tyr345His,Rv3762c,
p.Asp34Ala,Rv3183,
p.Glu12Gly,Rv3648c,cspA
p.Ser450Phe,Rv0667,rpoB
p.Ser252fs,Rv1694,tlyA
p.Ala135Ser,Rv0404,fadD30
2289253,snp,A,G,G:20 A:0
p.Gly120dup,Rv0888,
p.Ala312Val,Rv3028c,fixB
p.Lys88Thr,Rv0682,rpsL
p.Asp328Gly,Rv3795,embB
p.Gln409Arg,Rv0667,rpoB
p.Tyr34Asp,Rv2043c,pncA
2852811,snp,A,C,C:20 A:0
p.Ala852Thr,Rv0101,nrp
3558753,del,TCCGGCGCGGCCGGTGGCGGCATCTTGATGCCGCCA,T,T:14 TCCGGCGCGGCCGGTGGCGGCATCTTGATGCCGCCA:0
p.Ala166Gly,Rv3062,ligB
p.Glu843Gly,Rv1661,pks7
3969134,snp,A,C,C:20 A:0
p.Gln34Glu,Rv2023A,
154195,snp,A,G,G:20 A:0,repeat_region,+,,,intergenic_region n.154195A>G 
p.His51Arg,Rv2043c,pncA
p.Arg293Gln,Rv2579,dhaA
p.Ile494Val,Rv2797c,
p.Ser174Thr,Rv3570c,hsaA
p.Ile153Met,Rv1436,gap
p.Ala271Ser,Rv3909,
p.Gly21Ser,Rv1108c,xseA
p.Leu86fs,Rv0752c,fadE9
p.Tyr103Cys,Rv2043c,pncA
1775188,snp,C,T,T:20 C:0
4088558,snp,T,C,C:20 T:0
p.Arg70Cys,Rv3051c,nrdE
p.Val180Gly,Rv2043c,pncA
p.Tyr388Asp,Rv3423c,alr
p.Ser566Phe,Rv1551,plsB1
p.Asp747Ala,Rv0668,rpoC
p.Thr142Met,Rv2043c,pncA
p.Ile488Val,Rv0667,rpoB
p.Thr380Ile,Rv1908c,katG
p.His57Asp,Rv2043c,pncA
3177281,snp,G,A,A:20 G:0
4008672,snp,C,A,A:20 C:0
p.Gly369Arg,Rv2066,cobI
p.Leu85Arg,Rv2043c,pncA
p.Val130Gly,Rv2043c,pncA
p.Val350Gly,Rv2064,cobG
p.Val9Gly,Rv2043c,pncA
p.His48Asn,Rv3919c,gid
p.Asp49Ala,Rv2043c,pncA
p.Trp391*,Rv3854c,ethA
p.Tyr319Ser,Rv3795,embB
p.Met1?,Rv1893,
p.Trp256fs,Rv3854c,ethA
2726121,snp,C,T,T:20 C:0
3457624,del,CGG,C,C:19 CGG:0
p.Leu225fs,Rv3854c,ethA
1637187,del,GCCCCGCCGGTCCCGCCAA,G,G:18 GCCCCGCCGGTCCCGCCAA:0,repeat_region,-,1042/2226,342/741,disruptive_inframe_deletion c.1025_1042delTTGGCGGGACCGGCGGGG p.Val342_Gly347del
p.Ser125Ala,Rv2552c,aroE
1472723,snp,G,A,A:20 G:0,rRNA,+,,,non_coding_transcript_variant  ,,rrs,Ribosomal RNA 16S
700221,ins,A,AG,AG:20 A:0
p.Asp81His,Rv3887c,eccD2
p.Ile43Ala,Rv2447c,folC
p.Val265Phe,Rv2317,uspB
4121112,snp,C,A,A:13 C:0
p.Arg827His,Rv0667,rpoB
p.Gly207Ser,Rv0066c,icd2
p.Pro11Ser,Rv3442c,rpsI
p.Ser452Ala,Rv3011c,gatA
p.Tyr52Asp,Rv1234,
p.Glu147Ala,Rv3722c,
p.Gly162Asp,Rv2043c,pncA
p.Gly699Glu,Rv1908c,katG
p.Arg179Cys,Rv1141c,echA11
p.Asp279Glu,Rv1512,epiA
p.IleHisAspGlu1271SerSerTrpIle,Rv2934,ppsD
4081489,snp,C,G,G:20 C:0
p.Ala15Thr,Rv2332,mez
p.Gly141Cys,Rv2363,amiA2
p.Met97Thr,Rv1861,
p.Phe176Leu,Rv3806c,ubiA
p.Phe452Cys,Rv0668,rpoC
p.Thr63fs,Rv2662,
1673406,snp,C,T,T:20 C:0
p.Ala249Thr,Rv3806c,ubiA
p.His350Tyr,Rv0785,
p.Ile282Thr,Rv0001,dnaA
659341,snp,T,C,C:14 T:0
p.Ala286Val,Rv0667,rpoB
p.His42Arg,Rv0342,iniA
3511368,snp,G,T,T:20 G:0
4094559,snp,A,G,G:18 A:0
p.Glu1033Lys,Rv0668,rpoC
p.Glu15Gly,Rv3796,
p.Ser283Pro,Rv1456c,
103756,snp,G,T,T:12 G:0,repeat_region,-,908/954,303/317,missense_variant c.908C>A p.Pro303His
1606294,del,AG,A,A:19 AG:0
629735,del,GC,G,G:19 GC:0
p.Ala134Val,Rv2043c,pncA
p.Arg563Trp,Rv3198c,uvrD2
p.Gly108Ser,Rv3339c,icd1
p.Pro62Leu,Rv2043c,pncA
p.Ser287Asn,Rv3199c,nudC
3074495,snp,G,A,A:20 G:0
4254290,snp,T,G,G:13 T:0,mobile_element,+,1298/1335,433/444,missense_variant c.1298T>G p.Leu433Arg,Rv3798
p.Asn22Lys,Rv1061,
p.Cys53Gly,Rv3862c,whiB6
p.Gly132Ala,Rv2043c,pncA
2136084,snp,C,T,T:20 C:0
3811672,snp,G,T,T:20 G:0
p.Gln125fs,Rv3813c,
p.Gly90Arg,Rv1953,vapC14
2794062,snp,G,A,A:20 G:0
p.Leu120Met,Rv3528c,
2289248,snp,A,G,G:20 A:0
p.Asp461Asn,Rv0005,gyrB
p.Gln347*,Rv3854c,ethA
p.His51Gln,Rv2043c,pncA
