p.Pro230fs,Rv3886c,mycP2
p.Val88Gly,Rv0115,hddA
p.Met1?,Rv2043c,pncA
3178445,snp,C,G,G:20 C:0
p.Thr20Met,Rv3423c,alr
p.Val443Gly,Rv0565c,
3841562,snp,T,C,C:20 T:0
4323354,ins,C,CG,CG:19 C:0
3067961,snp,G,A,A:20 G:0
p.Trp195Arg,Rv3630,
p.Ala1304Val,Rv0107c,ctpI
1934788,snp,A,C,C:20 A:0
p.Ala190Glu,Rv0165c,mce1R
p.Gln28Pro,Rv0698,
p.Asn258Ser,Rv0888,
p.Ala246Thr,Rv2028c,
p.Gln188fs,Rv0273c,
p.Gly159Ser,Rv1672c,
p.Gly155Cys,Rv0347,
p.Ile79Val,Rv2586c,secF
2056377,snp,G,T,T:20 G:0
p.Thr57Pro,Rv3206c,moeB1
p.Pro270Leu,Rv1692,
p.Met586Ile,Rv1836c,
