3798772,snp,G,A,A:20 G:0
4059904,snp,A,G,G:15 A:0
4411285,snp,C,A,A:21 C:0
p.Ala210Pro,Rv2839c,infB
p.Ala39Val,Rv3882c,eccE1
p.Ala735Gly,Rv3365c,
p.Ala73Ser,Rv1021,
p.Arg302fs,Rv1854c,ndh
p.Arg705fs,Rv3879c,espK
p.Asp167Gly,Rv2059,
p.Asp200Ala,Rv0946c,pgi
p.Cys186Gly,Rv0541c,
p.Gly106Ser,Rv0756c,
p.His242Gln,Rv2337c,
p.His713Pro,Rv3273,
p.His7Pro,Rv0412c,
p.Leu148Pro,Rv1665,pks11
p.Leu400Arg,Rv1467c,fadE15
p.Phe71Cys,Rv2391,sirA
p.Pro188Ala,Rv1704c,cycA
p.Thr103Pro,Rv3257c,pmmA
p.Thr1134Ala,Rv2933,ppsC
p.Thr120Pro,Rv1713,engA
p.Thr13Pro,Rv2386c,mbtI
p.Thr319Pro,Rv2082,
p.Val135Gly,Rv3608c,folP1
