1213958,snp,G,C,C:20 G:0
1472359,snp,A,C,C:20 A:0,rRNA,+,,,non_coding_transcript_variant  ,,rrs,Ribosomal RNA 16S
1472362,snp,C,T,T:20 C:0,rRNA,+,,,non_coding_transcript_variant  ,,rrs,Ribosomal RNA 16S
1472920,ins,G,GT,GT:20 G:0,rRNA,+,,,non_coding_transcript_variant  ,,rrs,Ribosomal RNA 16S
1473246,snp,A,G,G:20 A:0,rRNA,+,,,non_coding_transcript_variant  ,,rrs,Ribosomal RNA 16S
2715346,snp,G,A,A:20 G:0
4056430,snp,T,C,C:20 T:0
4243221,complex,CC,AA,AA:19 CC:0
659341,snp,T,C,C:13 T:0
664929,snp,C,A,A:20 C:0
p.Ala431Thr,Rv0897c,
p.Arg299Cys,Rv3727,
p.Asp8Asn,Rv2043c,pncA
p.Cys253fs,Rv3854c,ethA
p.Ile1106Thr,Rv0667,rpoB
p.Leu113Arg,Rv3423c,alr
p.Leu120Pro,Rv2043c,pncA
p.Leu172Pro,Rv2043c,pncA
p.Leu275Pro,Rv2000,
p.Met1?,Rv1893,
p.Phe4Leu,Rv3423c,alr
p.Pro397Thr,Rv3795,embB
p.Ter123Argext*?,Rv2694c,
p.Trp256*,Rv3854c,ethA
p.Tyr103*,Rv2043c,pncA
p.Val251Leu,Rv3085,
p.Val740Ile,Rv3870,eccCa1
