1696671,del,CA,C,C:20 CA:0
1836286,snp,G,C,C:20 G:0
2752698,snp,C,A,A:20 C:0
3473996,ins,G,GA,GA:20 G:0
3846851,complex,GCTAAGGCAT,AGCAAGACAG,AGCAAGACAG:11 GCTAAGGCAT:0
3846866,snp,C,A,A:11 C:0
4059904,snp,A,G,G:12 A:0
4197138,ins,C,CT,CT:18 C:0
459399,snp,A,C,C:20 A:0
p.Ala207Val,Rv3435c,
p.Ala282Ser,Rv0955,
p.Ala390Val,Rv1850,ureC
p.Ala90Val,Rv0006,gyrA
p.Arg168Tyr,Rv3214,gpm2
p.Arg211fs,Rv3785,
p.Arg24His,Rv3843c,
p.Arg313His,Rv3731,ligC
p.Arg99His,Rv3371,
p.Asp461Asn,Rv0005,gyrB
p.Asp48fs,Rv1907c,
p.AspSer94GlyThr,Rv0006,gyrA
p.Glu12Val,Rv2621c,
p.Glu52Gly,Rv2346c,esxO
p.Gly438fs,Rv2885c,
p.His30Pro,Rv1958c,
p.Pro463Ser,Rv0018c,pstP
p.Ser1080Gly,Rv0236c,aftD
p.Ser315Thr,Rv1908c,katG
p.Ser91Pro,Rv0006,gyrA
p.Ser95Thr,Rv0006,gyrA
p.Thr174Ala,Rv0619,galTb
p.Trp83fs,Rv3142c,
p.Tyr267His,Rv0787,
p.Val73Ala,Rv2160A,
