p.Ala100Glu,Rv3470c,ilvB2
p.Ala100Ser,Rv2942,mmpL7
p.Ala100Thr,Rv2540c,aroF
p.Ala101Val,Rv0511,hemD
p.Ala102Pro,Rv3607c,folB
p.Ala103Glu,Rv3298c,lpqC
p.Ala1048Gly,Rv0631c,recC
p.Ala1068Ser,Rv2476c,gdh
p.Ala107Val,Rv2004c,
p.Ala108Val,Rv3285,accA3
p.Ala109fs,Rv3086,adhD
p.Ala109Thr,Rv1058,fadD14
p.Ala10Gly,Rv3752c,
p.Ala10Ser,Rv1029,kdpA
p.Ala110Gly,Rv3074,
p.Ala111Glu,Rv0353,hspR
p.Ala115Pro,Rv0182c,sigG
p.Ala115Pro,Rv0649,fabD2
p.Ala1164Pro,Rv0648,
p.Ala116Pro,Rv3529c,
p.Ala118Gly,Rv2434c,
p.Ala119Pro,Rv0808,purF
p.Ala11Pro,Rv3800c,pks13
p.Ala1205Gly,Rv0266c,oplA
p.Ala1208Thr,Rv2940c,mas
p.Ala1213Glu,Rv0668,rpoC
p.Ala121Thr,Rv2638,
p.Ala127Glu,Rv1060,
p.Ala128Gly,Rv3406,
p.Ala1292Gly,Rv2006,otsB1
p.Ala129Val,Rv2249c,glpD1
p.Ala12Gly,Rv2812,
p.Ala131Gly,Rv0210,
p.Ala131Gly,Rv1383,carA
p.Ala131Ser,Rv1458c,
p.Ala132Leu,Rv1413,
p.Ala133Pro,Rv0706,rplV
p.Ala135Glu,Rv0392c,ndhA
p.Ala135Val,Rv3805c,aftB
p.Ala137Pro,Rv2587c,secD
p.Ala138Asp,Rv0612,
p.Ala139Val,Rv3404c,
p.Ala140Val,Rv2403c,lppR
p.Ala141Thr,Rv3341,metA
p.Ala141Val,Rv3770c,
p.Ala142Gly,Rv0538,
p.Ala1438Gly,Rv1662,pks8
p.Ala143Pro,Rv2145c,wag31
p.Ala144Gly,Rv3297,nei
p.Ala144Thr,Rv1480,
p.Ala147Val,Rv1610,
p.Ala148Thr,Rv3688c,
p.Ala148Val,Rv1121,zwf1
p.Ala149Gly,Rv2025c,
p.Ala149Gly,Rv3777,
p.Ala14Gly,Rv0417,thiG
p.Ala14Gly,Rv2056c,rpsN2
p.Ala150Pro,Rv0867c,rpfA
p.Ala1525Ser,Rv2934,ppsD
p.Ala152Gly,Rv3895c,eccB2
p.Ala154Pro,Rv0727c,fucA
p.Ala154Ser,Rv0405,pks6
p.Ala154Val,Rv2429,ahpD
p.Ala155Thr,Rv2643,arsC
p.Ala1566Gly,Rv2380c,mbtE
p.Ala156Gly,Rv3239c,
p.Ala157Pro,Rv1204c,
p.Ala157Val,Rv1438,tpi
p.Ala15Val,Rv0545c,pitA
p.Ala162Thr,Rv2779c,
p.Ala166Glu,Rv3270,ctpC
p.Ala166Gly,Rv3062,ligB
p.Ala166Thr,Rv2601,speE
p.Ala167fs,Rv3521,
p.Ala169Gly,Rv3175,
p.Ala16Gly,Rv2002,fabG3
p.Ala172Asp,Rv0475,hbhA
p.Ala173Val,Rv0047c,
p.Ala174Glu,Rv0706,rplV
p.Ala174Thr,Rv1474c,
p.Ala175Thr,Rv1071c,echA9
p.Ala175Thr,Rv1349,irtB
p.Ala179Val,Rv0505c,serB1
p.Ala17Asp,Rv1412,ribC
p.Ala182Gly,Rv3658c,
p.Ala183Pro,Rv0216,
p.Ala185Glu,Rv0819,mshD
p.Ala185Thr,Rv2119,
p.Ala188Pro,Rv1692,
p.Ala188Thr,Rv0207c,
p.Ala190Pro,Rv0075,
p.Ala1940Ser,Rv1527c,pks5
p.Ala194Gly,Rv0393,
p.Ala195Thr,Rv0605,
p.Ala197Thr,Rv0936,pstA2
p.Ala199Asp,Rv2215,dlaT
p.Ala199fs,Rv1194c,
p.Ala19Pro,Rv2306A,
p.Ala19Ser,Rv0277A,vapB25
p.Ala201Glu,Rv1862,adhA
p.Ala202Val,Rv0924c,mntH
p.Ala202Val,Rv1283c,oppB
p.Ala203Val,Rv1524,
p.Ala204Asp,Rv0024,
p.Ala204Glu,Rv2659c,
p.Ala205Gly,Rv1513,
p.Ala206Gly,Rv0784,
p.Ala206Val,Rv3134c,
p.Ala209Gly,Rv0421c,
p.Ala209Thr,Rv1273c,
p.Ala20Pro,Rv0640,rplK
p.Ala20Pro,Rv1379,pyrR
p.Ala20Thr,Rv2473,
p.Ala210Gly,Rv2130c,mshC
p.Ala210Pro,Rv2839c,infB
p.Ala210Thr,Rv2459,
p.Ala215Val,Rv0501,galE2
p.Ala216Pro,Rv0493c,
p.Ala217Asp,Rv3377c,
p.Ala218Asp,Rv0773c,ggtA
p.Ala218Thr,Rv3132c,devS
p.Ala21Gly,Rv3394c,
p.Ala220fs,Rv0492c,
p.Ala220Ser,Rv2298,
p.Ala225Gly,Rv3196,
p.Ala226Thr,Rv2062c,cobN
p.Ala226Val,Rv0283,eccB3
p.Ala227fs,Rv2434c,
p.Ala227Glu,Rv3435c,
p.Ala229Gly,Rv1887,
p.Ala229Thr,Rv0969,ctpV
p.Ala229Val,Rv0458,
p.Ala22Gly,Rv3071,
p.Ala22Val,Rv3907c,pcnA
p.Ala230fs,Rv1372,
p.Ala230Thr,Rv3895c,eccB2
p.Ala231Gly,Rv0236c,aftD
p.Ala232Val,Rv3776,
p.Ala234Thr,Rv3470c,ilvB2
p.Ala236Val,Rv0489,gpm1
p.Ala238Gly,Rv1836c,
p.Ala239Pro,Rv0077c,
p.Ala23Pro,Rv0415,thiO
p.Ala23Pro,Rv0867c,rpfA
p.Ala240Gly,Rv2262c,
p.Ala240Val,Rv0330c,
p.Ala243Ser,Rv3005c,
p.Ala245Pro,Rv2189c,
p.Ala248Ser,Rv0222,echA1
p.Ala24Thr,Rv0411c,glnH
p.Ala251Gly,Rv1536,ileS
p.Ala252Val,Rv0376c,
p.Ala256Gly,Rv3810,pirG
p.Ala256Thr,Rv2721c,
p.Ala257Pro,Rv1250,
p.Ala25Gly,Rv0378,
p.Ala260Pro,Rv3419c,gcp
p.Ala260Val,Rv1433,
p.Ala263Gly,Rv2082,
p.Ala266Thr,Rv2994,
p.Ala268Thr,Rv3899c,
p.Ala268Val,Rv1194c,
p.Ala272Ser,Rv1186c,
p.Ala272Thr,Rv0729,xylB
p.Ala279Thr,Rv0377,
p.Ala280Gly,Rv1143,mcr
p.Ala280Pro,Rv1244,lpqZ
p.Ala284Val,Rv3537,kstD
p.Ala285fs,Rv2672,
p.Ala285Gly,Rv0845,
p.Ala295Val,Rv1165,typA
p.Ala296Gly,Rv0492c,
p.Ala296Pro,Rv2215,dlaT
p.Ala296Ser,Rv1844c,gnd1
p.Ala298Thr,Rv2155c,murD
p.Ala298Thr,Rv2881c,cdsA
p.Ala29Val,Rv0385,
p.Ala300Val,Rv3003c,ilvB1
p.Ala301Gly,Rv2836c,dinF
p.Ala303Gly,Rv1442,bisC
p.Ala304Thr,Rv2650c,
p.Ala305Thr,Rv0182c,sigG
p.Ala308Ser,Rv0533c,fabH
p.Ala308Thr,Rv3158,nuoN
p.Ala30Val,Rv2080,lppJ
p.Ala310Val,Rv1707,
p.Ala313Gly,Rv1966,mce3A
p.Ala314Gly,Rv0384c,clpB
p.Ala317Pro,Rv2159c,
p.Ala317Val,Rv1323,fadA4
p.Ala31Gly,Rv1811,mgtC
p.Ala321fs,Rv1511,gmdA
p.Ala324Val,Rv0343,iniC
p.Ala325Thr,Rv1940,ribA1
p.Ala328Pro,Rv0509,hemA
p.Ala328Pro,Rv2082,
p.Ala329Pro,Rv0922,
p.Ala32Val,Rv3038c,
p.Ala336Gly,Rv3329,
p.Ala336Thr,Rv3061c,fadE22
p.Ala336Val,Rv1004c,
p.Ala337Pro,Rv0331,
p.Ala340fs,Rv3401,
p.Ala343Gly,Rv3308,pmmB
p.Ala344Asp,Rv2874,dipZ
p.Ala345Gly,Rv2088,pknJ
p.Ala345Pro,Rv3776,
p.Ala345Val,Rv0873,fadE10
p.Ala347del,Rv1319c,
p.Ala349Gly,Rv3433c,
p.Ala349Pro,Rv2974c,
p.Ala353Asp,Rv0904c,accD3
p.Ala353Glu,Rv1536,ileS
p.Ala354Gly,Rv2382c,mbtC
p.Ala355Ser,Rv2156c,murX
p.Ala356fs,Rv0565c,
p.Ala35Gly,Rv1272c,
p.Ala360Val,Rv0389,purT
p.Ala364Thr,Rv3910,
p.Ala365Val,Rv2992c,gltS
p.Ala366Pro,Rv0867c,rpfA
p.Ala366Pro,Rv1595,nadB
p.Ala367Gly,Rv2739c,
p.Ala36Pro,Rv0183,
p.Ala36Val,Rv1395,
p.Ala371Ser,Rv3743c,ctpJ
p.Ala377_Gln378insSerAla,Rv1194c,
p.Ala378Val,Rv3792,aftA
p.Ala37Pro,Rv3834c,serS
p.Ala381del,Rv1662,pks8
p.Ala383Pro,Rv0074,
p.Ala38fs,Rv2008c,
p.Ala38Gly,Rv3074,
p.Ala38Gly,Rv3384c,vapC46
p.Ala390Asp,Rv0955,
p.Ala392Thr,Rv0858c,dapC
p.Ala39Thr,Rv0222,echA1
p.Ala39Val,Rv3882c,eccE1
p.Ala401Gly,Rv0904c,accD3
p.Ala402Pro,Rv3909,
p.Ala403Thr,Rv3293,pcd
p.Ala404Ser,Rv3262,fbiB
p.Ala405Val,Rv3823c,mmpL8
p.Ala406Val,Rv2427c,proA
p.Ala40Thr,Rv0422c,thiD
p.Ala412Val,Rv1630,rpsA
p.Ala414Pro,Rv2082,
p.Ala41Gly,Rv1599,hisD
p.Ala41Pro,Rv1568,bioA
p.Ala41Pro,Rv1899c,lppD
p.Ala425Thr,Rv0015c,pknA
p.Ala42Pro,Rv1225c,
p.Ala431Thr,Rv0897c,
p.Ala43Pro,Rv0183,
p.Ala44fs,Rv2780,ald
p.Ala453Pro,Rv1327c,glgE
p.Ala459Thr,Rv0630c,recB
p.Ala45Val,Rv1401,
p.Ala468Gly,Rv2845c,proS
p.Ala46Thr,Rv1638A,
p.Ala471Gly,Rv3800c,pks13
p.Ala471Thr,Rv1473,
p.Ala478Gly,Rv1427c,fadD12
p.Ala47Val,Rv2047c,
p.Ala484Glu,Rv2756c,hsdM
p.Ala488Thr,Rv0782,ptrBb
p.Ala492Gly,Rv1552,frdA
p.Ala496Asp,Rv2082,
p.Ala497Gly,Rv1165,typA
p.Ala497Val,Rv1459c,
p.Ala49fs,Rv2606c,snzP
p.Ala4Val,Rv3901c,
p.Ala503Gly,Rv1402,priA
p.Ala506Thr,Rv2411c,
p.Ala50Thr,Rv3700c,
p.Ala50Val,Rv2583c,relA
p.Ala516Thr,Rv3805c,aftB
p.Ala517Ser,Rv0551c,fadD8
p.Ala519Thr,Rv1354c,
p.Ala51Glu,Rv2946c,pks1
p.Ala51Pro,Rv1864c,
p.Ala521Thr,Rv3829c,
p.Ala52Gly,Rv2551c,
p.Ala53Gly,Rv2922c,smc
p.Ala53Thr,Rv2548,vapC19
p.Ala54Gly,Rv0427c,xthA
p.Ala54Thr,Rv2035,
p.Ala558Gly,Rv3080c,pknK
p.Ala562Thr,Rv0032,bioF2
p.Ala56Gly,Rv2231B,vapB16
p.Ala56Pro,Rv1277,
p.Ala56Val,Rv0413,mutT3
p.Ala56Val,Rv1489,
p.Ala570Asp,Rv1492,mutA
p.Ala578Thr,Rv1683,
p.Ala57Gly,Rv2739c,
p.Ala585Thr,Rv3871,eccCb1
p.Ala59Ser,Rv1293,lysA
p.Ala60Ser,Rv0629c,recD
p.Ala60Thr,Rv0542c,menE
p.Ala61Asp,Rv3663c,dppD
p.Ala61fs,Rv1182,papA3
p.Ala61_Gly64del,Rv1443c,
p.Ala61Val,Rv0969,ctpV
p.Ala622Gly,Rv3573c,fadE34
p.Ala622Pro,Rv1084,
p.Ala629Thr,Rv0041,leuS
p.Ala62Pro,Rv2880c,
p.Ala63Thr,Rv0558,menH
p.Ala652Pro,Rv2080,lppJ
p.Ala668Asp,Rv3365c,
p.Ala669Pro,Rv1384,carB
p.Ala66Ser,Rv3700c,
p.Ala66Thr,Rv0231,fadE4
p.Ala66Thr,Rv1993c,
p.Ala66Thr,Rv3862c,whiB6
p.Ala67Gly,Rv0341,iniB
p.Ala67Pro,Rv2843,
p.Ala67Thr,Rv3066,
p.Ala67Val,Rv0002,dnaN
p.Ala69Pro,Rv2058c,rpmB2
p.Ala6Pro,Rv3712,
p.Ala6Val,Rv0749,vapC31
p.Ala708Val,Rv0032,bioF2
p.Ala70Gly,Rv0497,
p.Ala70Pro,Rv0847,lpqS
p.Ala71fs,Rv1625c,cya
p.Ala71Glu,Rv3818,
p.Ala735Gly,Rv3365c,
p.Ala73Ser,Rv1021,
p.Ala74His,Rv2654c,
p.Ala75Pro,Rv1217c,
p.Ala76Gly,Rv1062,
p.Ala76Val,Rv0692,
p.Ala77Ser,Rv3195,
p.Ala77Val,Rv2268c,cyp128
p.Ala794Pro,Rv0338c,
p.Ala799Pro,Rv0338c,
p.Ala79Gly,Rv1139c,
p.Ala801fs,Rv0338c,
p.Ala82Pro,Rv0023,
p.Ala848Pro,Rv0107c,ctpI
p.Ala848Val,Rv1638,uvrA
p.Ala84Glu,Rv2764c,thyA
p.Ala84Ser,Rv3214,gpm2
p.Ala84Thr,Rv0677c,mmpS5
p.Ala85Val,Rv0544c,
p.Ala87Val,Rv1913,
p.Ala89Val,Rv0260c,
p.Ala8Ser,Rv2253,
p.Ala92Asp,Rv3423c,alr
p.Ala92Pro,Rv1478,
p.Ala93Val,Rv0649,fabD2
p.Ala93Val,Rv2398c,cysW
p.Ala94Gly,Rv3444c,esxT
p.Ala95Pro,Rv0397,
p.Ala97Gly,Rv2712c,
p.Ala98Pro,Rv1158c,
p.Ala999Gly,Rv0107c,ctpI
p.AlaAla167ProPro,Rv0649,fabD2
p.AlaAla273ProPro,Rv0509,hemA
p.AlaAla418ProPro,Rv2082,
p.AlaAla96LeuVal,Rv2551c,
p.AlaAlaHis29ProProPro,Rv1899c,lppD
p.AlaArg180ProPro,Rv3436c,glmS
p.AlaAsp930GlyGly,Rv3447c,eccC4
p.AlaAsp933ProGly,Rv3447c,eccC4
p.AlaAspLeu218ProAlaPhe,Rv3365c,
p.AlaGlu821GlyLys,Rv0107c,ctpI
p.AlaIle635ProThr,Rv3792,aftA
p.AlaThr303ProPro,Rv3743c,ctpJ
p.AlaThr304ProPro,Rv3907c,pcnA
p.AlaVal237GlyGly,Rv1965,yrbE3B
p.AlaValThr22GlyGlyAla,Rv0888,
p.Arg100Cys,Rv3720,
p.Arg101Pro,Rv3716c,
p.Arg1031fs,Rv0631c,recC
p.Arg1038_Gly1042dup,Rv0668,rpoC
p.Arg108Pro,Rv2874,dipZ
p.Arg109Gly,Rv0827c,kmtR
p.Arg109His,Rv0121c,
p.Arg10Pro,Rv1890c,
p.Arg10Ser,Rv0125,pepA
p.Arg110Trp,Rv0017c,rodA
p.Arg114Lys,Rv0997,
p.Arg1172Pro,Rv0648,
p.Arg120fs,Rv2752c,
p.Arg120Gly,Rv1736c,narX
p.Arg121Leu,Rv2976c,ung
p.Arg122Gln,Rv0471c,
p.Arg122Leu,Rv3339c,icd1
p.Arg122Leu,Rv3479,
p.Arg126Gly,Rv3446c,
p.Arg1276Leu,Rv3296,lhr
p.Arg1288Cys,Rv2524c,fas
p.Arg130Pro,Rv0539,
p.Arg131dup,Rv3222c,
p.Arg131Pro,Rv0054,ssb
p.Arg135Trp,Rv0678,
p.Arg136fs,Rv3408,vapC47
p.Arg136Gly,Rv2081c,
p.Arg136Leu,Rv1368,lprF
p.Arg136Pro,Rv0749,vapC31
p.Arg136Pro,Rv1687c,
p.Arg137His,Rv2885c,
p.Arg140Leu,Rv0536,galE3
p.Arg143Pro,Rv1312,
p.Arg144Pro,Rv0822c,
p.Arg149Pro,Rv3740c,
p.Arg152_Ala157delinsPro,Rv3217c,
p.Arg153Gln,Rv0391,metZ
p.Arg153Gln,Rv1707,
p.Arg15*,Rv1460,
p.Arg15Trp,Rv0741,
p.Arg160Cys,Rv0464c,
p.Arg160Gln,Rv1911c,lppC
p.Arg161Gly,Rv0200,
p.Arg161His,Rv3441c,mrsA
p.Arg162Gly,Rv3728,
p.Arg162His,Rv2807,
p.Arg167Cys,Rv3206c,moeB1
p.Arg16Cys,Rv2315c,
p.Arg16Cys,Rv3173c,
p.Arg16Ser,Rv3908,mutT4
p.Arg171Gly,Rv2958c,
p.Arg184Cys,Rv3199c,nudC
p.Arg189Cys,Rv2818c,
p.Arg189Leu,Rv3404c,
p.Arg189Pro,Rv1509,
p.Arg189Pro,Rv1900c,lipJ
p.Arg189Trp,Rv3245c,mtrB
p.Arg18Ser,Rv1958c,
p.Arg190Pro,Rv0535,pnp
p.Arg192Ser,Rv2129c,
p.Arg193fs,Rv2950c,fadD29
p.Arg193Pro,Rv3899c,
p.Arg201Gly,Rv2946c,pks1
p.Arg204His,Rv2247,accD6
p.Arg206His,Rv3189,
p.Arg20Gly,Rv0722,rpmD
p.Arg212Pro,Rv0142,
p.Arg215fs,Rv0633c,
p.Arg218Pro,Rv2417c,
p.Arg21Gln,Rv3712,
p.Arg220Gln,Rv2068c,blaC
p.Arg222Cys,Rv0493c,
p.Arg222Gly,Rv3026c,
p.Arg222His,Rv3903c,
p.Arg222Leu,Rv2026c,
p.Arg225Pro,Rv0667,rpoB
p.Arg226fs,Rv0368c,
p.Arg226His,Rv1660,pks10
p.Arg238Gln,Rv2068c,blaC
p.Arg243His,Rv2216,
p.Arg246Gln,Rv1354c,
p.Arg246Leu,Rv1595,nadB
p.Arg247Cys,Rv1057,
p.Arg256Leu,Rv2605c,tesB2
p.Arg258Gly,Rv1112,
p.Arg259His,Rv0772,purD
p.Arg259Pro,Rv1226c,
p.Arg261Trp,Rv3498c,mce4B
p.Arg268Gly,Rv1970,lprM
p.Arg27Pro,Rv2065,cobH
p.Arg280Gln,Rv3729,
p.Arg28Pro,Rv3157,nuoM
p.Arg291Gln,Rv3589,mutY
p.Arg292Gly,Rv2084,
p.Arg298Gly,Rv3394c,
p.Arg302fs,Rv1854c,ndh
p.Arg309Gly,Rv1458c,
p.Arg30Pro,Rv0114,gmhB
p.Arg319Gln,Rv2150c,ftsZ
p.Arg320_Ala329del,Rv1278,
p.Arg324Leu,Rv3285,accA3
p.Arg340Cys,Rv1937,
p.Arg341Gly,Rv2221c,glnE
p.Arg341His,Rv1785c,cyp143
p.Arg343Gly,Rv0914c,
p.Arg349Gly,Rv3640c,
p.Arg359Pro,Rv3370c,dnaE2
p.Arg361Leu,Rv0972c,fadE12
p.Arg362Leu,Rv0337c,aspC
p.Arg363His,Rv0983,pepD
p.Arg367Cys,Rv3068c,pgmA
p.Arg367Gly,Rv2974c,
p.Arg376Leu,Rv3299c,atsB
p.Arg37Gly,Rv2416c,eis
p.Arg37Pro,Rv3409c,choD
p.Arg382Gln,Rv3721c,dnaZX
p.Arg387Gln,Rv0897c,
p.Arg38Pro,Rv2304c,
p.Arg397Cys,Rv3423c,alr
p.Arg398Gln,Rv0490,senX3
p.Arg401Ser,Rv1392,metK
p.Arg403Cys,Rv1568,bioA
p.Arg40_Ala41insGly,Rv0906,
p.Arg419Cys,Rv2800,
p.Arg425Gly,Rv1662,pks8
p.Arg427fs,Rv0758,phoR
p.Arg445His,Rv3409c,choD
p.Arg450His,Rv1181,pks4
p.Arg452fs,Rv3854c,ethA
p.Arg474Ser,Rv1297,rho
p.Arg485His,Rv3808c,glfT2
p.Arg490Pro,Rv1290c,
p.Arg49Trp,Rv2447c,folC
p.Arg50Gly,Rv1312,
p.Arg535Gly,Rv0051,
p.Arg55Pro,Rv2305,
p.Arg567Pro,Rv2566,
p.Arg57Gly,Rv0080,
p.Arg589Gly,Rv3910,
p.Arg59Trp,Rv0168,yrbE1B
p.Arg608His,Rv2931,ppsA
p.Arg60Gly,Rv0401,
p.Arg611Leu,Rv1640c,lysX
p.Arg62His,Rv0358,
p.Arg62Leu,Rv0244c,fadE5
p.Arg62Pro,Rv0292,eccE3
p.Arg63Gln,Rv2882c,frr
p.Arg66fs,Rv2828A,
p.Arg678Gln,Rv2006,otsB1
p.Arg693His,Rv1908c,katG
p.Arg6_Ser15del,Rv1758,cut1
p.Arg705fs,Rv3879c,espK
p.Arg705Leu,Rv3879c,espK
p.Arg707Trp,Rv2444c,rne
p.Arg708Gly,Rv0630c,recB
p.Arg721Cys,Rv0987,
p.Arg72Gln,Rv2286c,
p.Arg72His,Rv0656c,vapC6
p.Arg73Gly,Rv1207,folP2
p.Arg74Pro,Rv0082,
p.Arg756Trp,Rv0064,
p.Arg75Ser,Rv1327c,glgE
p.Arg77Gly,Rv2313c,
p.Arg78fs,Rv1867,
p.Arg78Thr,Rv1641,infC
p.Arg79del,Rv2804c,
p.Arg79Gly,Rv1327c,glgE
p.Arg84Gly,Rv3077,
p.Arg858Gly,Rv1179c,
p.Arg86Gln,Rv0775,
p.Arg86Pro,Rv2403c,lppR
p.Arg8Ser,Rv0726c,
p.Arg91fs,Rv1982c,vapC36
p.Arg935del,Rv3728,
p.Arg94Cys,Rv0261c,narK3
p.Arg94fs,Rv0261c,narK3
p.Arg99*,Rv2764c,thyA
p.ArgAla236SerSer,Rv0092,ctpA
p.ArgHis85ProArg,Rv0397,
p.ArgIle73SerGly,Rv1776c,
p.ArgLeu545GlyVal,Rv1467c,fadE15
p.ArgPhe258GlyVal,Rv2836c,dinF
p.ArgPhe27ProSer,Rv2065,cobH
p.ArgValGluLeu818GlyGlyGlyGly,Rv1664,pks9
p.Asn102Ser,Rv1934c,fadE17
p.Asn115Ser,Rv0057,
p.Asn120Lys,Rv3754,tyrA
p.Asn135Asp,Rv2254c,
p.Asn135Thr,Rv1856c,
p.Asn149His,Rv1773c,
p.Asn150Tyr,Rv0169,mce1A
p.Asn1601Thr,Rv2524c,fas
p.Asn167Thr,Rv3574,kstR
p.Asn180Lys,Rv1101c,
p.Asn181His,Rv3138,pflA
p.Asn222Lys,Rv3040c,
p.Asn238Thr,Rv3863,
p.Asn262Lys,Rv0895,
p.Asn263Asp,Rv2579,dhaA
p.Asn263Ser,Rv2579,dhaA
p.Asn265Thr,Rv3090,
p.Asn296His,Rv3795,embB
p.Asn300fs,Rv2780,ald
p.Asn312Thr,Rv0210,
p.Asn319Thr,Rv0922,
p.Asn355Thr,Rv3201c,
p.Asn363Asp,Rv2839c,infB
p.Asn366Ser,Rv3229c,desA3
p.Asn368Thr,Rv1442,bisC
p.Asn39Thr,Rv2871,vapB43
p.Asn400Ser,Rv1877,
p.Asn40His,Rv1194c,
p.Asn428Thr,Rv2154c,ftsW
p.Asn455Thr,Rv0051,
p.Asn499Thr,Rv0005,gyrB
p.Asn509Asp,Rv1469,ctpD
p.Asn53Tyr,Rv0562,grcC1
p.Asn59His,Rv2694c,
p.Asn60Asp,Rv1971,mce3F
p.Asn621Thr,Rv2931,ppsA
p.Asn640Ser,Rv0373c,
p.Asn690Thr,Rv0236c,aftD
p.Asn6Thr,Rv3161c,
p.Asn84His,Rv2812,
p.Asn84Thr,Rv1478,
p.Asn855Asp,Rv1328,glgP
p.Asn86Thr,Rv0032,bioF2
p.Asn99Ser,Rv0445c,sigK
p.Asn99Thr,Rv1988,erm(37)
p.AsnGlu3ThrGly,Rv2650c,
p.AsnLeuAsn257LysLeuGly,Rv2079,
p.AsnSerAla17ThrProPro,Rv2568c,
p.AsnThr196ThrPro,Rv1899c,lppD
p.Asp1024Asn,Rv3795,embB
p.Asp1025Ala,Rv0631c,recC
p.Asp103Gly,Rv2889c,tsf
p.Asp105fs,Rv0590,mce2B
p.Asp105Gly,Rv0570,nrdZ
p.Asp1073Glu,Rv0266c,oplA
p.Asp107Gly,Rv0455c,
p.Asp10Ala,Rv2090,
p.Asp112Glu,Rv3054c,
p.Asp113Asn,Rv1916,aceAb
p.Asp115Ala,Rv2226,
p.Asp117Gly,Rv2764c,thyA
p.Asp120Asn,Rv2494,vapC38
p.Asp121Ala,Rv3517,
p.Asp121Glu,Rv3483c,
p.Asp124Gly,Rv1620c,cydC
p.Asp1258Ala,Rv1527c,pks5
p.Asp129Gly,Rv2530c,vapC39
p.Asp131Ala,Rv3228,
p.Asp135Ala,Rv2447c,folC
p.Asp139Ala,Rv3659c,
p.Asp139Gly,Rv2159c,
p.Asp142Gly,Rv3663c,dppD
p.Asp1441Gly,Rv3800c,pks13
p.Asp144Ala,Rv1700,
p.Asp151Gly,Rv0120c,fusA2
p.Asp153Gly,Rv3732,
p.Asp154Ala,Rv2751,
p.Asp156Asn,Rv2032,acg
p.Asp157Ala,Rv2332,mez
p.Asp159Ala,Rv1005c,pabB
p.Asp159Gly,Rv1571,
p.Asp160Ala,Rv3816c,
p.Asp161Ala,Rv1289,
p.Asp162Glu,Rv2263,
p.Asp164Ala,Rv2839c,infB
p.Asp165Gly,Rv3829c,
p.Asp166Val,Rv1933c,fadE18
p.Asp167Ala,Rv0295c,
p.Asp167Gly,Rv2059,
p.Asp169Gly,Rv1378c,
p.Asp16Ala,Rv1225c,
p.Asp170Glu,Rv0414c,thiE
p.Asp173Gly,Rv2501c,accA1
p.Asp178Ala,Rv0216,
p.Asp179Gly,Rv2130c,mshC
p.Asp17del,Rv3780,
p.Asp181Gly,Rv2230c,
p.Asp182Ala,Rv0511,hemD
p.Asp1868Gly,Rv2048c,pks12
p.Asp189Asn,Rv3174,
p.Asp18Ala,Rv1633,uvrB
p.Asp192Ala,Rv3820c,papA2
p.Asp193Ala,Rv3447c,eccC4
p.Asp197His,Rv0756c,
p.Asp200Ala,Rv0946c,pgi
p.Asp200Ala,Rv3685c,cyp137
p.Asp200Glu,Rv3208,
p.Asp200Gly,Rv1638,uvrA
p.Asp207Glu,Rv1178,
p.Asp207His,Rv1378c,
p.Asp208Gly,Rv1445c,devB
p.Asp209Ala,Rv1129c,
p.Asp214Ala,Rv0649,fabD2
p.Asp214Pro,Rv0649,fabD2
p.Asp218del,Rv0045c,
p.Asp220Ala,Rv3496c,mce4D
p.Asp220Gly,Rv2155c,murD
p.Asp223fs,Rv2915c,
p.Asp228Glu,Rv0862c,
p.Asp229Gly,Rv2155c,murD
p.Asp2316Ala,Rv0101,nrp
p.Asp232Ala,Rv0489,gpm1
p.Asp234Ala,Rv0411c,glnH
p.Asp239Gly,Rv0116c,ldtA
p.Asp23Gly,Rv2266,cyp124
p.Asp247Ala,Rv2802c,
p.Asp249Ala,Rv3800c,pks13
p.Asp24Gly,Rv0854,
p.Asp258Ala,Rv1699,pyrG
p.Asp259Gly,Rv3035,
p.Asp260Ala,Rv2471,aglA
p.Asp261Gly,Rv1547,dnaE1
p.Asp265Val,Rv0667,rpoB
p.Asp269Gly,Rv3758c,proV
p.Asp272Gly,Rv1173,fbiC
p.Asp273fs,Rv1148c,
p.Asp279Glu,Rv1512,epiA
p.Asp27Gly,Rv2832c,ugpC
p.Asp286Ala,Rv2100,
p.Asp299Gly,Rv0663,atsD
p.Asp302_Asp308dup,Rv1253,deaD
p.Asp304Tyr,Rv2528c,mrr
p.Asp309Gly,Rv0115,hddA
p.Asp310Gly,Rv1111c,
p.Asp310His,Rv0069c,sdaA
p.Asp311Gly,Rv2280,
p.Asp315Ala,Rv0826,
p.Asp320Ala,Rv1354c,
p.Asp320Ala,Rv1599,hisD
p.Asp321Asn,Rv0766c,cyp123
p.Asp328Gly,Rv1186c,
p.Asp330Glu,Rv1345,mbtM
p.Asp331Ala,Rv1968,mce3C
p.Asp338Gly,Rv1867,
p.Asp339Ala,Rv1770,
p.Asp33Ala,Rv3588c,canB
p.Asp33Glu,Rv0995,rimJ
p.Asp342Ala,Rv1968,mce3C
p.Asp347Gly,Rv0932c,pstS2
p.Asp34Ala,Rv2501c,accA1
p.Asp352Ala,Rv1030,kdpB
p.Asp359Ala,Rv0014c,pknB
p.Asp365Ala,Rv0631c,recC
p.Asp365Ala,Rv3800c,pks13
p.Asp366Asn,Rv0037c,
p.Asp372Glu,Rv2305,
p.Asp374Ala,Rv0066c,icd2
p.Asp384Gly,Rv2885c,
p.Asp387Ala,Rv3864,espE
p.Asp388Ala,Rv0119,fadD7
p.Asp38Ala,Rv2292c,
p.Asp393Ala,Rv1381,pyrC
p.Asp393Ala,Rv2839c,infB
p.Asp393Gly,Rv1381,pyrC
p.Asp395Asn,Rv1248c,
p.Asp395Asn,Rv3402c,
p.Asp39Gly,Rv1939,
p.Asp40Ala,Rv2426c,
p.Asp410Ala,Rv1971,mce3F
p.Asp410Asn,Rv3682,ponA2
p.Asp4139Gly,Rv2048c,pks12
p.Asp42Ala,Rv0007,
p.Asp435Gly,Rv0667,rpoB
p.Asp445Ala,Rv1253,deaD
p.Asp445Glu,Rv1707,
p.Asp44Glu,Rv3672c,
p.Asp452Ala,Rv3068c,pgmA
p.Asp455Ala,Rv2264c,
p.Asp461Asn,Rv0005,gyrB
p.Asp46Gly,Rv1796,mycP5
p.Asp474Gly,Rv3059,cyp136
p.Asp485Asn,Rv0668,rpoC
p.Asp485Tyr,Rv0668,rpoC
p.Asp48Tyr,Rv1514c,
p.Asp496Gly,Rv2158c,murE
p.Asp497Ala,Rv2585c,
p.Asp49Gly,Rv2043c,pncA
p.Asp4Ala,Rv3660c,
p.Asp500Gly,Rv3331,sugI
p.Asp525Ala,Rv1318c,
p.Asp52His,Rv0101,nrp
p.Asp539Glu,Rv0083,
p.Asp551Tyr,Rv0450c,mmpL4
p.Asp56Ala,Rv1939,
p.Asp56Gly,Rv1939,
p.Asp573Ala,Rv1699,pyrG
p.Asp58Ala,Rv3745c,
p.Asp59Gly,Rv0528,
p.Asp5Asn,Rv0143c,
p.Asp601Ala,Rv2082,
p.Asp603Val,Rv2124c,metH
p.Asp604His,Rv1402,priA
p.Asp60Ala,Rv3697A,vapB48
p.Asp617Tyr,Rv0005,gyrB
p.Asp625Ala,Rv1836c,
p.Asp631Asn,Rv2394,ggtB
p.Asp63Tyr,Rv2043c,pncA
p.Asp64Ala,Rv2115c,mpa
p.Asp658Ala,Rv2339,mmpL9
p.Asp67Ala,Rv2090,
p.Asp680Glu,Rv1278,
p.Asp68Ala,Rv2050,
p.Asp68Gly,Rv3071,
p.Asp69Ala,Rv2895c,viuB
p.Asp69Gly,Rv0456c,echA2
p.Asp6Ala,Rv0492A,
p.Asp6Tyr,Rv1284,canA
p.Asp733Asn,Rv2092c,helY
p.Asp742Glu,Rv0284,eccC3
p.Asp75Glu,Rv1052,
p.Asp764Ala,Rv1997,ctpF
p.Asp777Asn,Rv0667,rpoB
p.Asp785Gly,Rv3365c,
p.Asp78Ala,Rv1348,irtA
p.Asp80Gly,Rv3908,mutT4
p.Asp81Ala,Rv2764c,thyA
p.Asp820Ala,Rv0613c,
p.Asp820Ala,Rv3370c,dnaE2
p.Asp83Ala,Rv2482c,plsB2
p.Asp845Ala,Rv0630c,recB
p.Asp84Asn,Rv3178,
p.Asp85Asn,Rv1383,carA
p.Asp880His,Rv2444c,rne
p.Asp88Gly,Rv3015c,
p.Asp8Asn,Rv1038c,esxJ
p.Asp8Asn,Rv3915,
p.Asp90Glu,Rv3457c,rpoA
p.Asp968His,Rv3894c,eccC2
p.Asp97Ala,Rv3517,
p.Asp98Gly,Rv0649,fabD2
p.Asp999Gly,Rv2101,helZ
p.Asp99Ala,Rv0847,lpqS
p.Asp9Ala,Rv1704c,cycA
p.AspAla365AlaPro,Rv3800c,pks13
p.AspArg224AlaGly,Rv2836c,dinF
p.AspGlyGlySer28GlyGlyGlyGly,Rv0378,
p.AspLeu113AlaArg,Rv2782c,pepR
p.AspLeu387AlaPro,Rv3446c,
p.AspSer94HisThr,Rv0006,gyrA
p.AspValVal117GlyAlaArg,Rv2782c,pepR
p.Cys111Gly,Rv0969,ctpV
p.Cys124Trp,Rv2782c,pepR
p.Cys137Phe,Rv3854c,ethA
p.Cys143Gly,Rv0745,
p.Cys155Gly,Rv0536,galE3
p.Cys155Ser,Rv2886c,
p.Cys15Trp,Rv0229c,
p.Cys186Gly,Rv0541c,
p.Cys192Gly,Rv3565,aspB
p.Cys194Trp,Rv3000,
p.Cys212Arg,Rv1716,
p.Cys223Gly,Rv1797,eccE5
p.Cys23Gly,Rv3450c,eccB4
p.Cys25Gly,Rv2076c,
p.Cys271Tyr,Rv2000,
p.Cys298Arg,Rv0565c,
p.Cys309Trp,Rv0955,
p.Cys402Trp,Rv2942,mmpL7
p.Cys43Phe,Rv1351,
p.Cys43Ser,Rv1899c,lppD
p.Cys448fs,Rv1595,nadB
p.Cys482Ser,Rv0255c,cobQ1
p.Cys51Gly,Rv2774c,
p.Cys53Arg,Rv3862c,whiB6
p.Cys585Gly,Rv0402c,mmpL1
p.Cys62Ser,Rv1687c,
p.Cys65Gly,Rv1874,
p.Cys79Gly,Rv0093c,
p.Cys90Arg,Rv1681,moeX
p.Cys9Tyr,Rv0118c,oxcA
p.Gln1045Arg,Rv2934,ppsD
p.Gln110fs,Rv1203c,
p.Gln110Glu,Rv3421c,
p.Gln119fs,Rv3860,
p.Gln122fs,Rv1501,
p.Gln136Pro,Rv0054,ssb
p.Gln147His,Rv2587c,secD
p.Gln166Arg,Rv2096c,pafB
p.Gln16Arg,Rv0733,adk
p.Gln176Pro,Rv3509c,ilvX
p.Gln190Lys,Rv1857,modA
p.Gln204fs,Rv3531c,
p.Gln21His,Rv2528c,mrr
p.Gln230Lys,Rv1823,
p.Gln234His,Rv0528,
p.Gln234His,Rv3698,
p.Gln246Arg,Rv3854c,ethA
p.Gln254*,Rv3854c,ethA
p.Gln25*,Rv3124,moaR1
p.Gln269His,Rv3691,
p.Gln271Arg,Rv1062,
p.Gln277Lys,Rv1062,
p.Gln279His,Rv2153c,murG
p.Gln285Pro,Rv1406,fmt
p.Gln287*,Rv1406,fmt
p.Gln28His,Rv0193c,
p.Gln28Leu,Rv2763c,dfrA
p.Gln296Lys,Rv2935,ppsE
p.Gln304Leu,Rv0127,mak
p.Gln305Arg,Rv0576,
p.Gln308Pro,Rv3494c,mce4F
p.Gln31*,Rv2944,
p.Gln329Lys,Rv0668,rpoC
p.Gln334Pro,Rv0244c,fadE5
p.Gln33fs,Rv3879c,espK
p.Gln347His,Rv1968,mce3C
p.Gln347*,Rv2435c,
p.Gln34*,Rv3861,
p.Gln369Glu,Rv1479,moxR1
p.Gln382His,Rv2157c,murF
p.Gln393Pro,Rv2627c,
p.Gln395Lys,Rv3446c,
p.Gln414Lys,Rv3329,
p.Gln414Pro,Rv3329,
p.Gln430Pro,Rv0341,iniB
p.Gln431*,Rv0235c,
p.Gln445Arg,Rv3795,embB
p.Gln468His,Rv3764c,tcrY
p.Gln471*,Rv0404,fadD30
p.Gln475*,Rv2395,
p.Gln47Arg,Rv0960,vapC9
p.Gln485Pro,Rv2992c,gltS
p.Gln48Arg,Rv2231B,vapB16
p.Gln506*,Rv3762c,
p.Gln526His,Rv1318c,
p.Gln52Arg,Rv0801,
p.Gln549Pro,Rv2264c,
p.Gln60His,Rv3521,
p.Gln617Lys,Rv3876,espI
p.Gln655Pro,Rv1661,pks7
p.Gln662Pro,Rv2444c,rne
p.Gln67Lys,Rv3874,esxB
p.Gln68His,Rv2012,
p.Gln70Thr,Rv1248c,
p.Gln711Arg,Rv0668,rpoC
p.Gln73Pro,Rv0858c,dapC
p.Gln73*,Rv2809,
p.Gln74Arg,Rv3451,cut3
p.Gln779His,Rv1179c,
p.Gln84*,Rv3771c,
p.Gln851His,Rv1183,mmpL10
p.Gln87Arg,Rv1747,
p.Gln88His,Rv1641,infC
p.Gln89*,Rv2780,ald
p.Gln98His,Rv1884c,rpfC
p.Gln994Leu,Rv2967c,pca
p.GlnHis158HisArg,Rv0649,fabD2
p.GlnVal173ArgGly,Rv0649,fabD2
p.Glu103Gly,Rv1205,
p.Glu105Gln,Rv2359,zur
p.Glu111Gly,Rv2676c,
p.Glu113*,Rv3919c,gid
p.Glu1174*,Rv2946c,pks1
p.Glu118Asp,Rv0229c,
p.Glu118Lys,Rv1715,fadB3
p.Glu120Asp,Rv0339c,
p.Glu123Lys,Rv3637,
p.Glu127Lys,Rv0610c,
p.Glu130Ala,Rv2031c,hspX
p.Glu133Asp,Rv2587c,secD
p.Glu135Ala,Rv1129c,
p.Glu139Gly,Rv0869c,moaA2
p.Glu13Gly,Rv0375c,
p.Glu13Lys,Rv2780,ald
p.Glu141Asp,Rv2587c,secD
p.Glu145Gly,Rv0182c,sigG
p.Glu145Gly,Rv0757,phoP
p.Glu152Lys,Rv2852c,mqo
p.Glu153Lys,Rv3594,
p.Glu15Gly,Rv2043c,pncA
p.Glu1616Lys,Rv2524c,fas
p.Glu162Lys,Rv0761c,adhB
p.Glu164Gly,Rv1378c,
p.Glu166Gln,Rv2215,dlaT
p.Glu169Ala,Rv1901,cinA
p.Glu171Ala,Rv3339c,icd1
p.Glu174Gly,Rv3693,
p.Glu177Ala,Rv2006,otsB1
p.Glu17Lys,Rv0078,
p.Glu180Asp,Rv1938,ephB
p.Glu182Gly,Rv3175,
p.Glu184Ala,Rv0003,recF
p.Glu184Lys,Rv3776,
p.Glu185*,Rv0681,
p.Glu188Asp,Rv3169,
p.Glu191Gly,Rv2095c,pafC
p.Glu191Lys,Rv1618,tesB1
p.Glu192Lys,Rv0337c,aspC
p.Glu198Gly,Rv0927c,
p.Glu201Gly,Rv3202c,
p.Glu209Gly,Rv2573,
p.Glu214Asp,Rv0342,iniA
p.Glu21Asp,Rv2762c,
p.Glu222Lys,Rv0929,pstC2
p.Glu2244Gly,Rv2048c,pks12
p.Glu235Ala,Rv0610c,
p.Glu238Gly,Rv3394c,
p.Glu242Asp,Rv0630c,recB
p.Glu242Gly,Rv3132c,devS
p.Glu243Gly,Rv2155c,murD
p.Glu245Gly,Rv3662c,
p.Glu248Gly,Rv2650c,
p.Glu249Asp,Rv1071c,echA9
p.Glu268Gln,Rv0244c,fadE5
p.Glu271Asp,Rv3881c,espB
p.Glu273Asp,Rv1523,
p.Glu278Arg,Rv3383c,idsB
p.Glu27Asp,Rv3091,
p.Glu280Gly,Rv2920c,amt
p.Glu309Gly,Rv1028c,kdpD
p.Glu30Gly,Rv3540c,ltp2
p.Glu30Gly,Rv3858c,gltD
p.Glu313Lys,Rv3564,fadE33
p.Glu314Asp,Rv2380c,mbtE
p.Glu316Lys,Rv0410c,pknG
p.Glu31Ala,Rv0853c,pdc
p.Glu31Asp,Rv2740,ephG
p.Glu31Lys,Rv3141,fadB4
p.Glu336Lys,Rv2650c,
p.Glu34Gln,Rv1121,zwf1
p.Glu35Val,Rv1546,
p.Glu367Asp,Rv3179,
p.Glu368Lys,Rv0338c,
p.Glu375fs,Rv3562,fadE31
p.Glu37Asp,Rv2223c,
p.Glu39Gly,Rv1590,
p.Glu4025Asp,Rv2048c,pks12
p.Glu409Gly,Rv3061c,fadE22
p.Glu40Asp,Rv0733,adk
p.Glu419Lys,Rv1621c,cydD
p.Glu430Gly,Rv2124c,metH
p.Glu430Lys,Rv0001,dnaA
p.Glu44fs,Rv3825c,pks2
p.Glu44Gly,Rv2925c,rnc
p.Glu468Gly,Rv2572c,aspS
p.Glu46Lys,Rv1424c,
p.Glu48Ala,Rv3807c,
p.Glu48Lys,Rv3464,rmlB
p.Glu49Asp,Rv3698,
p.Glu506Lys,Rv3077,
p.Glu509Asp,Rv2006,otsB1
p.Glu50Lys,Rv0244c,fadE5
p.Glu518Gly,Rv3663c,dppD
p.Glu51Val,Rv0967,csoR
p.Glu52Gly,Rv2346c,esxO
p.Glu533Gly,Rv0435c,
p.Glu537Ala,Rv2027c,dosT
p.Glu543Ala,Rv0492c,
p.Glu547Gln,Rv3401,
p.Glu549Ala,Rv1620c,cydC
p.Glu54Gln,Rv1911c,lppC
p.Glu54Gly,Rv1901,cinA
p.Glu551Asp,Rv0949,uvrD1
p.Glu553Asp,Rv3800c,pks13
p.Glu58Val,Rv2764c,thyA
p.Glu59Gly,Rv0621,
p.Glu60Gly,Rv1770,
p.Glu61fs,Rv1714,
p.Glu62Lys,Rv3141,fadB4
p.Glu636Asp,Rv1251c,
p.Glu651Gly,Rv1650,pheT
p.Glu657Asp,Rv3365c,
p.Glu687Gln,Rv1564c,treX
p.Glu689Gly,Rv3239c,
p.Glu71Gly,Rv2089c,pepE
p.Glu726Gly,Rv1783,eccC5
p.Glu744Lys,Rv0668,rpoC
p.Glu757Gly,Rv0668,rpoC
p.Glu75Lys,Rv0725c,
p.Glu7Val,Rv0991c,
p.Glu830Asp,Rv2567,
p.Glu83Asp,Rv3547,ddn
p.Glu841Ala,Rv3296,lhr
p.Glu84Ala,Rv3365c,
p.Glu857Lys,Rv1028c,kdpD
p.Glu88Gln,Rv1022,lpqU
p.Glu89Gly,Rv1343c,lprD
p.Glu8fs,Rv3862c,whiB6
p.Glu8Lys,Rv3554,fdxB
p.Glu912Gly,Rv3447c,eccC4
p.Glu92Gly,Rv0400c,fadE7
p.Glu958Gln,Rv2931,ppsA
p.Glu95Gly,Rv2572c,aspS
p.Glu970Gly,Rv3910,
p.Glu97fs,Rv3049c,
p.GluAla560GlyGly,Rv3868,eccA1
p.GluHis210AspPro,Rv0649,fabD2
p.GluLeu277AspPro,Rv0867c,rpfA
p.GluLeuSer336AspLeuPro,Rv0922,
p.GluPhe3GlyVal,Rv3488,
p.GluTrp141GlyGly,Rv2763c,dfrA
p.GluTyr544GlyAsp,Rv0684,fusA1
p.GluVal191GlyGly,Rv0115,hddA
p.GluVal304GlyGly,Rv0106,
p.Gly100Arg,Rv1716,
p.Gly102Arg,Rv2850c,
p.Gly102_Gly103insTrpGlyGlyGlyGly,Rv2081c,
p.Gly103Ser,Rv3763,lpqH
p.Gly1048Val,Rv2946c,pks1
p.Gly104dup,Rv2081c,
p.Gly105Ala,Rv1152,
p.Gly106Ser,Rv0756c,
p.Gly107Ala,Rv0823c,
p.Gly107Ala,Rv1194c,
p.Gly1080Arg,Rv1020,mfd
p.Gly109del,Rv0197,
p.Gly112Asp,Rv0185,
p.Gly112Asp,Rv3319,sdhB
p.Gly113Asp,Rv0067c,
p.Gly119Arg,Rv1620c,cydC
p.Gly11Ala,Rv2442c,rplU
p.Gly120dup,Rv0888,
p.Gly124Asp,Rv3774,echA21
p.Gly124Ser,Rv1908c,katG
p.Gly125Ala,Rv0243,fadA2
p.Gly125Asp,Rv1312,
p.Gly127Asp,Rv2157c,murF
p.Gly129Asp,Rv1000c,
p.Gly133Cys,Rv1835c,
p.Gly138Ala,Rv2724c,fadE20
p.Gly138Arg,Rv2861c,mapB
p.Gly13Arg,Rv3919c,gid
p.Gly140Arg,Rv2812,
p.Gly141Ser,Rv0162c,adhE1
p.Gly143Arg,Rv2812,
p.Gly146Ser,Rv0258c,
p.Gly151Asp,Rv0976c,
p.Gly153Arg,Rv0576,
p.Gly156Asp,Rv0231,fadE4
p.Gly157fs,Rv3241c,
p.Gly161fs,Rv1421,
p.Gly172Arg,Rv3077,
p.Gly172Ser,Rv0545c,pitA
p.Gly178Ser,Rv3267,
p.Gly183Cys,Rv1820,ilvG
p.Gly1840Arg,Rv1661,pks7
p.Gly184Ser,Rv2727c,miaA
p.Gly185Asp,Rv3493c,
p.Gly187Ala,Rv2303c,
p.Gly188Glu,Rv3414c,sigD
p.Gly18Val,Rv2541,
p.Gly190Val,Rv2215,dlaT
p.Gly191Arg,Rv3680,
p.Gly194Asp,Rv0835,lpqQ
p.Gly194Asp,Rv3498c,mce4B
p.Gly194fs,Rv2862c,
p.Gly195fs,Rv1694,tlyA
p.Gly198Ala,Rv3464,rmlB
p.Gly19Arg,Rv0010c,
p.Gly19Asp,Rv0558,menH
p.Gly200Glu,Rv1510,
p.Gly200Val,Rv0758,phoR
p.Gly202Val,Rv0971c,echA7
p.Gly215Arg,Rv0954,
p.Gly215Arg,Rv2839c,infB
p.Gly217_Val220del,Rv0341,iniB
p.Gly219Asp,Rv0694,lldD1
p.Gly21Ala,Rv0093c,
p.Gly21Ser,Rv0539,
p.Gly220Cys,Rv1099c,glpX
p.Gly221Ser,Rv2693c,
p.Gly223Ser,Rv0492c,
p.Gly227Val,Rv1410c,
p.Gly22Arg,Rv3691,
p.Gly237Ser,Rv1295,thrC
p.Gly237Val,Rv3725,
p.Gly246fs,Rv1553,frdB
p.Gly249Ser,Rv2874,dipZ
p.Gly251Asp,Rv3560c,fadE30
p.Gly255Arg,Rv1630,rpsA
p.Gly25Arg,Rv2037c,
p.Gly266Arg,Rv0217c,lipW
p.Gly26Ser,Rv0877,
p.Gly275Arg,Rv0628c,
p.Gly283Ser,Rv0118c,oxcA
p.Gly285Ser,Rv3109,moaA1
p.Gly28Ala,Rv0734,mapA
p.Gly28Arg,Rv3657c,
p.Gly290Ala,Rv2084,
p.Gly290Arg,Rv0015c,pknA
p.Gly292Ala,Rv1459c,
p.Gly293Arg,Rv3035,
p.Gly297Arg,Rv0568,cyp135B1
p.Gly313Arg,Rv0772,purD
p.Gly315Ala,Rv2082,
p.Gly323Ser,Rv2318,uspC
p.Gly325Arg,Rv3797,fadE35
p.Gly329Asp,Rv2394,ggtB
p.Gly332Arg,Rv0668,rpoC
p.Gly341Ser,Rv0914c,
p.Gly343Arg,Rv0613c,
p.Gly350fs,Rv0209,
p.Gly357Ser,Rv3401,
p.Gly360fs,Rv3565,aspB
p.Gly373Ser,Rv2748c,ftsK
p.Gly375Ala,Rv1662,pks8
p.Gly37Cys,Rv0019c,fhaB
p.Gly385Asp,Rv3854c,ethA
p.Gly394Cys,Rv0410c,pknG
p.Gly39Cys,Rv3506,fadD17
p.Gly412Ser,Rv0143c,
p.Gly417Glu,Rv2201,asnB
p.Gly42Val,Rv3854c,ethA
p.Gly433Glu,Rv0020c,fhaA
p.Gly433Ser,Rv0668,rpoC
p.Gly434Ala,Rv0018c,pstP
p.Gly435Cys,Rv0171,mce1C
p.Gly43Cys,Rv3854c,ethA
p.Gly450Ser,Rv3854c,ethA
p.Gly47Asp,Rv1019,
p.Gly47Ser,Rv0839,
p.Gly48Ala,Rv1078,pra
p.Gly498Asp,Rv1536,ileS
p.Gly49Arg,Rv3763,lpqH
p.Gly504Ser,Rv2158c,murE
p.Gly50Ala,Rv0779c,
p.Gly50Asp,Rv0138,
p.Gly512Arg,Rv0005,gyrB
p.Gly51Arg,Rv3394c,
p.Gly53Ala,Rv1022,lpqU
p.Gly541Ala,Rv3871,eccCb1
p.Gly55Val,Rv3394c,
p.Gly56Arg,Rv3504,fadE26
p.Gly56Asp,Rv0249c,
p.Gly576Ala,Rv1699,pyrG
p.Gly5Glu,Rv0102,
p.Gly5Val,Rv3794,embA
p.Gly62Cys,Rv2660c,
p.Gly63Val,Rv0958,
p.Gly648Val,Rv2092c,helY
p.Gly65Asp,Rv3393,iunH
p.Gly662Arg,Rv0570,nrdZ
p.Gly677Asp,Rv2467,pepN
p.Gly698_Pro708del,Rv0648,
p.Gly706Ala,Rv1475c,acn
p.Gly72Asp,Rv2464c,
p.Gly73Ala,Rv2334,cysK1
p.Gly73Arg,Rv2212,
p.Gly75Ser,Rv0272c,
p.Gly76Ala,Rv0470c,pcaA
p.Gly775Ser,Rv3401,
p.Gly78Arg,Rv2417c,
p.Gly78del,Rv2776c,
p.Gly78fs,Rv2333c,stp
p.Gly78Ser,Rv3454,
p.Gly7Ser,Rv3909,
p.Gly81Ser,Rv3547,ddn
p.Gly826Arg,Rv2946c,pks1
p.Gly82del,Rv2665,
p.Gly84Asp,Rv1140,
p.Gly88Arg,Rv1109c,
p.Gly88Arg,Rv1663,pks17
p.Gly88Cys,Rv0006,gyrA
p.Gly89Val,Rv1417,
p.Gly94Arg,Rv3463,
p.Gly94Arg,Rv3906c,
p.Gly969Arg,Rv2933,ppsC
p.Gly98Asp,Rv1873,
p.GlyGln103AlaLys,Rv2700,
p.GlyLeu809SerPro,Rv0338c,
p.GlySer147ArgAla,Rv2812,
p.GlySer409AlaAla,Rv3433c,
p.His1010Pro,Rv2931,ppsA
p.His102Arg,Rv3189,
p.His105Arg,Rv1602,hisH
p.His111Pro,Rv0057,
p.His113Pro,Rv1852,ureG
p.His11Tyr,Rv3842c,glpQ1
p.His121Pro,Rv1856c,
p.His127Pro,Rv0822c,
p.His129Pro,Rv1118c,
p.His135Pro,Rv0294,tam
p.His139Pro,Rv3132c,devS
p.His140Tyr,Rv2189c,
p.His150Pro,Rv2518c,ldtB
p.His15Tyr,Rv3392c,cmaA1
p.His165Gln,Rv0311,
p.His174Arg,Rv0913c,
p.His17Gln,Rv3438,
p.His185Pro,Rv0612,
p.His18fs,Rv0923c,
p.His192Asn,Rv0409,ackA
p.His193Pro,Rv3594,
p.His200Pro,Rv2363,amiA2
p.His20Pro,Rv2846c,efpA
p.His211Pro,Rv0649,fabD2
p.His222Gln,Rv1395,
p.His223Asn,Rv1905c,aao
p.His240Gln,Rv3176c,mesT
p.His242Gln,Rv2337c,
p.His246Pro,Rv2992c,gltS
p.His247Tyr,Rv1302,rfe
p.His255Pro,Rv2155c,murD
p.His268Asn,Rv3341,metA
p.His26Tyr,Rv1183,mmpL10
p.His270Pro,Rv0774c,
p.His276Pro,Rv0631c,recC
p.His280Pro,Rv1664,pks9
p.His286Asp,Rv1422,
p.His294Arg,Rv1393c,
p.His302Pro,Rv2566,
p.His304Arg,Rv2713,sthA
p.His312Tyr,Rv0400c,fadE7
p.His318Gln,Rv1524,
p.His31Pro,Rv1899c,lppD
p.His321Pro,Rv1002c,
p.His326Pro,Rv0290,eccD3
p.His32Asn,Rv0445c,sigK
p.His331Tyr,Rv2943,
p.His338Pro,Rv3391,acrA1
p.His344Pro,Rv2448c,valS
p.His350Pro,Rv0492c,
p.His361Pro,Rv0391,metZ
p.His364Arg,Rv3700c,
p.His38Pro,Rv0536,galE3
p.His391Pro,Rv2800,
p.His3Pro,Rv0435c,
p.His405Pro,Rv2249c,glpD1
p.His410Gln,Rv2264c,
p.His41Pro,Rv2458,mmuM
p.His42Asp,Rv1904,
p.His43Pro,Rv0695,
p.His43Pro,Rv3318,sdhA
p.His458Arg,Rv3083,
p.His463Arg,Rv3728,
p.His46Arg,Rv2731,
p.His474Pro,Rv2733c,
p.His47Pro,Rv1193,fadD36
p.His49Pro,Rv3598c,lysS
p.His505Pro,Rv1179c,
p.His50Gln,Rv2314c,
p.His529Pro,Rv1020,mfd
p.His52Pro,Rv1851,ureF
p.His56Arg,Rv0943c,
p.His56Tyr,Rv2283,
p.His58Asn,Rv2114,
p.His592Pro,Rv2082,
p.His595Arg,Rv3910,
p.His5Asn,Rv1225c,
p.His603Gln,Rv0969,ctpV
p.His625Pro,Rv2721c,
p.His62Pro,Rv0497,
p.His674Arg,Rv0667,rpoB
p.His684Tyr,Rv0663,atsD
p.His69Pro,Rv2931,ppsA
p.His713Pro,Rv3273,
p.His764Pro,Rv3909,
p.His76Tyr,Rv2864c,
p.His77Asp,Rv2760c,vapB42
p.His7Pro,Rv0412c,
p.His832Arg,Rv1384,carB
p.His889_Pro907delinsGln,Rv2933,ppsC
p.His91fs,Rv2158c,murE
p.His95Asn,Rv0771,
p.His99Arg,Rv0670,end
p.HisCys198ProArg,Rv0620,galK
p.HisPro412GlnThr,Rv1407,fmu
p.Ile106Met,Rv1395,
p.Ile107Val,Rv3788,
p.Ile108Val,Rv1490,
p.Ile109Thr,Rv0174,mce1F
p.Ile1124Met,Rv2383c,mbtB
p.Ile112Asn,Rv3421c,
p.Ile113Val,Rv1032c,trcS
p.Ile12Val,Rv1429,
p.Ile132Met,Rv2157c,murF
p.Ile133Ser,Rv2043c,pncA
p.Ile135Thr,Rv3833,
p.Ile137Val,Rv3449,mycP4
p.Ile139Thr,Rv1349,irtB
p.Ile142Val,Rv2476c,gdh
p.Ile144Ser,Rv2652c,
p.Ile154Ser,Rv0673,echA4
p.Ile154Thr,Rv0789c,
p.Ile15Ser,Rv1206,fadD6
p.Ile164Val,Rv1030,kdpB
p.Ile165Val,Rv2332,mez
p.Ile171Thr,Rv0243,fadA2
p.Ile174fs,Rv3296,lhr
p.Ile189Met,Rv0522,gabP
p.Ile190fs,Rv1984c,cfp21
p.Ile190Thr,Rv3235,
p.Ile194Val,Rv1020,mfd
p.Ile19Thr,Rv2065,cobH
p.Ile212Val,Rv2228c,
p.Ile219Met,Rv2333c,stp
p.Ile224Ser,Rv3863,
p.Ile230Met,Rv0023,
p.Ile231Val,Rv3139,fadE24
p.Ile240Val,Rv3313c,add
p.Ile280Ser,Rv0621,
p.Ile290Lys,Rv2824c,
p.Ile299del,Rv0551c,fadD8
p.Ile299Leu,Rv0492c,
p.Ile316Val,Rv2994,
p.Ile319Val,Rv3869,eccB1
p.Ile322Thr,Rv0018c,pstP
p.Ile335Val,Rv1908c,katG
p.Ile348del,Rv0392c,ndhA
p.Ile375Val,Rv0663,atsD
p.Ile37fs,Rv1153c,omt
p.Ile40Val,Rv3825c,pks2
p.Ile419Val,Rv1568,bioA
p.Ile43Thr,Rv2447c,folC
p.Ile43Val,Rv1922,
p.Ile470Leu,Rv1477,ripA
p.Ile480Val,Rv2682c,dxs1
p.Ile486Leu,Rv0005,gyrB
p.Ile491Phe,Rv0667,rpoB
p.Ile495Ser,Rv3824c,papA1
p.Ile49Thr,Rv2525c,
p.Ile508Ser,Rv3365c,
p.Ile51Val,Rv1442,bisC
p.Ile533Met,Rv1562c,treZ
p.Ile560Val,Rv3436c,glmS
p.Ile561Thr,Rv2264c,
p.Ile57Met,Rv2832c,ugpC
p.Ile590Leu,Rv3285,accA3
p.Ile59Val,Rv1294,thrA
p.Ile60Leu,Rv3360,
p.Ile64Val,Rv1723,
p.Ile707Val,Rv0668,rpoC
p.Ile71Val,Rv3496c,mce4D
p.Ile792Val,Rv1384,carB
p.Ile816Met,Rv1522c,mmpL12
p.Ile819Thr,Rv1937,
p.Ile83Leu,Rv0703,rplW
p.Ile8Met,Rv3578,arsB2
p.Ile963Leu,Rv2931,ppsA
p.Leu103Pro,Rv0554,bpoC
p.Leu109fs,Rv1200,
p.Leu112Arg,Rv3685c,cyp137
p.Leu113Arg,Rv3423c,alr
p.Leu115del,Rv2759c,vapC42
p.Leu116Arg,Rv3587c,
p.Leu116Pro,Rv1004c,
p.Leu118Pro,Rv2455c,
p.Leu118Val,Rv0867c,rpfA
p.Leu1191Val,Rv3447c,eccC4
p.Leu119fs,Rv3906c,
p.Leu120Pro,Rv2043c,pncA
p.Leu122Gln,Rv1066,
p.Leu122Met,Rv1458c,
p.Leu125Phe,Rv0757,phoP
p.Leu133Arg,Rv1382,
p.Leu134Trp,Rv1312,
p.Leu13Phe,Rv3064c,
p.Leu142Ser,Rv0173,lprK
p.Leu145Phe,Rv1232c,
p.Leu148Pro,Rv1665,pks11
p.Leu148Pro,Rv2613c,
p.Leu149Val,Rv2763c,dfrA
p.Leu151Trp,Rv2043c,pncA
p.Leu154Phe,Rv1307,atpH
p.Leu154Phe,Rv1366,
p.Leu155fs,Rv0861c,ercc3
p.Leu156Pro,Rv2043c,pncA
p.Leu157Pro,Rv0606,
p.Leu159Arg,Rv3270,ctpC
p.Leu15Pro,Rv0947c,
p.Leu162Phe,Rv3167c,
p.Leu162Pro,Rv3328c,sigJ
p.Leu162Val,Rv1232c,
p.Leu164Arg,Rv3239c,
p.Leu16Arg,Rv2960c,
p.Leu16fs,Rv0187,
p.Leu172Pro,Rv2043c,pncA
p.Leu178Arg,Rv2230c,
p.Leu181Arg,Rv2678c,hemE
p.Leu183Phe,Rv2095c,pafC
p.Leu183Trp,Rv0649,fabD2
p.Leu186Pro,Rv3436c,glmS
p.Leu18Arg,Rv2011c,
p.Leu196His,Rv3432c,gadB
p.Leu198Arg,Rv3220c,
p.Leu19Pro,Rv2043c,pncA
p.Leu1?,Rv2290,lppO
p.Leu2027fs,Rv1661,pks7
p.Leu203Arg,Rv0232,
p.Leu210Val,Rv0949,uvrD1
p.Leu211Gln,Rv1359,
p.Leu213Arg,Rv3480c,
p.Leu216Arg,Rv2439c,proB
p.Leu218Pro,Rv0493c,
p.Leu226Met,Rv3907c,pcnA
p.Leu226Val,Rv2976c,ung
p.Leu228fs,Rv2173,idsA2
p.Leu234_Gln237del,Rv0386,
p.Leu234Pro,Rv3604c,
p.Leu235Met,Rv1285,cysD
p.Leu237Arg,Rv3402c,
p.Leu237Arg,Rv3829c,
p.Leu23fs,Rv0599c,vapB27
p.Leu23fs,Rv2943A,
p.Leu23Ser,Rv2546,vapC18
p.Leu242Pro,Rv0726c,
p.Leu247Pro,Rv0989c,grcC2
p.Leu24Val,Rv2262c,
p.Leu262Val,Rv2701c,suhB
p.Leu267Pro,Rv0564c,gpdA1
p.Leu269Phe,Rv0007,
p.Leu27Pro,Rv2337c,
p.Leu27Pro,Rv3197A,whiB7
p.Leu284Ile,Rv3784,
p.Leu28Phe,Rv0530,
p.Leu29Arg,Rv2133c,
p.Leu304Val,Rv2953,
p.Leu305_Ala306del,Rv2850c,
p.Leu306Pro,Rv0728c,serA2
p.Leu314Arg,Rv2837c,
p.Leu315Pro,Rv3776,
p.Leu321Trp,Rv2731,
p.Leu321Val,Rv2072c,cobL
p.Leu322fs,Rv2836c,dinF
p.Leu323Val,Rv0958,
p.Leu326Arg,Rv3903c,
p.Leu330Val,Rv2299c,htpG
p.Leu333Ile,Rv1664,pks9
p.Leu335Arg,Rv2935,ppsE
p.Leu336Val,Rv0101,nrp
p.Leu33Pro,Rv0528,
p.Leu342Met,Rv0920c,
p.Leu348Phe,Rv1722,
p.Leu349Val,Rv3314c,deoA
p.Leu365Pro,Rv3496c,mce4D
p.Leu36Arg,Rv1509,
p.Leu36Val,Rv1811,mgtC
p.Leu399dup,Rv1923,lipD
p.Leu39Arg,Rv0183,
p.Leu3Trp,Rv0201c,
p.Leu400Arg,Rv1467c,fadE15
p.Leu402Val,Rv3795,embB
p.Leu405*,Rv3854c,ethA
p.Leu4071Arg,Rv2048c,pks12
p.Leu418Pro,Rv2350c,plcB
p.Leu41Pro,Rv0316,
p.Leu41Ser,Rv2254c,
p.Leu425*,Rv2721c,
p.Leu434Phe,Rv3887c,eccD2
p.Leu442Ile,Rv3826,fadD23
p.Leu447fs,Rv1595,nadB
p.Leu452Pro,Rv0667,rpoB
p.Leu456Arg,Rv1329c,dinG
p.Leu462Pro,Rv1329c,dinG
p.Leu473Phe,Rv0410c,pknG
p.Leu502Pro,Rv1179c,
p.Leu503Val,Rv1992c,ctpG
p.Leu527Val,Rv0668,rpoC
p.Leu537Phe,Rv2088,pknJ
p.Leu54Pro,Rv1851,ureF
p.Leu559Val,Rv1273c,
p.Leu55Val,Rv0212c,nadR
p.Leu55Val,Rv2070c,cobK
p.Leu561Arg,Rv1358,
p.Leu56fs,Rv3121,cyp141
p.Leu57Pro,Rv0908,ctpE
p.Leu58Phe,Rv1723,
p.Leu59del,Rv1875,
p.Leu5Pro,Rv1880c,cyp140
p.Leu603Phe,Rv0584,
p.Leu62Ile,Rv0885,
p.Leu633Arg,Rv2047c,
p.Leu634Pro,Rv1084,
p.Leu639fs,Rv0931c,pknD
p.Leu63Pro,Rv3903c,
p.Leu64Arg,Rv2459,
p.Leu64Pro,Rv0611c,
p.Leu65Pro,Rv1427c,fadD12
p.Leu66Val,Rv3482c,
p.Leu67Arg,Rv2363,amiA2
p.Leu67Pro,Rv1052,
p.Leu6Trp,Rv2654c,
p.Leu70Val,Rv3869,eccB1
p.Leu71Ile,Rv2457c,clpX
p.Leu725Pro,Rv3273,
p.Leu75His,Rv2250c,
p.Leu7Phe,Rv3563,fadE32
p.Leu809Arg,Rv0613c,
p.Leu83Ser,Rv0921,
p.Leu84Met,Rv1442,bisC
p.Leu84Val,Rv3644c,
p.Leu85Pro,Rv2043c,pncA
p.Leu86fs,Rv0752c,fadE9
p.Leu87Pro,Rv2192c,trpD
p.Leu904Arg,Rv2221c,glnE
p.Leu90Val,Rv1999c,
p.Leu93Arg,Rv2443,dctA
p.Leu93Arg,Rv3716c,
p.Leu93Val,Rv2192c,trpD
p.Leu97Val,Rv2862c,
p.LeuAla141TrpPro,Rv0294,tam
p.LeuAla174PheGly,Rv3658c,
p.LeuGlu253ArgAsp,Rv2688c,
p.LeuIle827ArgAsn,Rv0613c,
p.LeuTrp914ArgGly,Rv3370c,dnaE2
p.Lys120Thr,Rv0844c,narL
p.Lys12Gln,Rv0650,
p.Lys139Arg,Rv1478,
p.Lys154fs,Rv0128,
p.Lys168Thr,Rv3456c,rplQ
p.Lys16Thr,Rv1805c,
p.Lys181Thr,Rv2963,
p.Lys183fs,Rv1714,
p.Lys183Met,Rv0407,fgd1
p.Lys252Asn,Rv3879c,espK
p.Lys262*,Rv3854c,ethA
p.Lys26Asn,Rv0707,rpsC
p.Lys270Gln,Rv1189,sigI
p.Lys278Gln,Rv1921c,lppF
p.Lys309fs,Rv3854c,ethA
p.Lys31fs,Rv1694,tlyA
p.Lys337Asn,Rv0869c,moaA2
p.Lys33Glu,Rv1695,ppnK
p.Lys355Asn,Rv3370c,dnaE2
p.Lys363Arg,Rv0860,fadB
p.Lys369Thr,Rv1002c,
p.Lys370Thr,Rv3854c,ethA
p.Lys370_Tyr382del,Rv3854c,ethA
p.Lys37Glu,Rv3842c,glpQ1
p.Lys419Thr,Rv2264c,
p.Lys457Thr,Rv3881c,espB
p.Lys490fs,Rv1319c,
p.Lys4Asn,Rv0637,hadC
p.Lys55Asn,Rv3157,nuoM
p.Lys59Arg,Rv1142c,echA10
p.Lys64Thr,Rv0032,bioF2
p.Lys69Arg,Rv0710,rpsQ
p.Lys77Arg,Rv3107c,agpS
p.Lys83Glu,Rv1968,mce3C
p.Lys848Gln,Rv0507,mmpL2
p.Lys87Gln,Rv1957,
p.Lys888Thr,Rv1179c,
p.Lys89Gln,Rv0710,rpsQ
p.Lys96Asn,Rv2063A,mazF7
p.LysProArgAsnProArgAspAsp210ProThrProCysProGlyGlyAla,Rv3594,
p.Met115Ile,Rv2751,
p.Met137Val,Rv0216,
p.Met1408Ile,Rv2048c,pks12
p.Met141Ile,Rv3903c,
p.Met149Ile,Rv3218,
p.Met151Thr,Rv0321,dcd
p.Met153Val,Rv3286c,sigF
p.Met158Ile,Rv2928,tesA
p.Met174Thr,Rv2684,arsA
p.Met188dup,Rv3554,fdxB
p.Met198Ile,Rv2082,
p.Met1?,Rv0599c,vapB27
p.Met1?,Rv1778c,
p.Met20Thr,Rv1655,argD
p.Met211fs,Rv3470c,ilvB2
p.Met212Arg,Rv3030,
p.Met212Thr,Rv0129c,fbpC
p.Met220Thr,Rv3089,fadD13
p.Met228Leu,Rv0059,
p.Met231Arg,Rv3575c,
p.Met236Val,Rv3001c,ilvC
p.Met239Ile,Rv3869,eccB1
p.Met245Thr,Rv0402c,mmpL1
p.Met262Ile,Rv0469,umaA
p.Met284Ile,Rv0973c,accA2
p.Met28Val,Rv3290c,lat
p.Met2fs,Rv2732c,
p.Met32Thr,Rv0077c,
p.Met335fs,Rv0180c,
p.Met33Val,Rv1811,mgtC
p.Met37Val,Rv0758,phoR
p.Met391Val,Rv2386c,mbtI
p.Met442Ile,Rv0221,
p.Met44Ile,Rv1446c,opcA
p.Met481Val,Rv0565c,
p.Met59fs,Rv1907c,
p.Met73Arg,Rv3523,ltp3
p.Met90Ile,Rv1870c,
p.Met97Ile,Rv2046,lppI
p.MetAsp434ArgTyr,Rv0667,rpoB
p.MetThr1?,Rv1256c,cyp130
p.Phe103Val,Rv3439c,
p.Phe1092Val,Rv2590,fadD9
p.Phe10Val,Rv2187,fadD15
p.Phe112Val,Rv2676c,
p.Phe114Val,Rv0139,
p.Phe116Val,Rv2549c,vapC20
p.Phe124Leu,Rv3169,
p.Phe1283Leu,Rv0405,pks6
p.Phe128Val,Rv0134,ephF
p.Phe132Leu,Rv0876c,
p.Phe1335Val,Rv3296,lhr
p.Phe148Leu,Rv0647c,
p.Phe156Val,Rv2812,
p.Phe1660Leu,Rv0101,nrp
p.Phe170Val,Rv1478,
p.Phe183Leu,Rv1908c,katG
p.Phe186Cys,Rv1602,hisH
p.Phe188Ser,Rv0612,
p.Phe234Leu,Rv0375c,
p.Phe235Leu,Rv2913c,
p.Phe239Leu,Rv0782,ptrBb
p.Phe239Val,Rv2724c,fadE20
p.Phe260Leu,Rv0650,
p.Phe266fs,Rv0589,mce2A
p.Phe28Val,Rv0017c,rodA
p.Phe303Cys,Rv0373c,
p.Phe319Ser,Rv2159c,
p.Phe337Val,Rv0255c,cobQ1
p.Phe339Leu,Rv2935,ppsE
p.Phe354Ile,Rv3719,
p.Phe371Ser,Rv2850c,
p.Phe376Val,Rv2075c,
p.Phe379Ser,Rv3254,
p.Phe387Ser,Rv0227c,
p.Phe391fs,Rv3175,
p.Phe439Val,Rv2363,amiA2
p.Phe43Val,Rv1590,
p.Phe471Val,Rv0405,pks6
p.Phe476Val,Rv2577,
p.Phe483Val,Rv1638,uvrA
p.Phe48Leu,Rv1536,ileS
p.Phe49Val,Rv2070c,cobK
p.Phe4Leu,Rv3423c,alr
p.Phe520Ser,Rv3663c,dppD
p.Phe52Leu,Rv3139,fadE24
p.Phe548Val,Rv0538,
p.Phe551Leu,Rv3061c,fadE22
p.Phe55Ser,Rv1654,argB
p.Phe590Leu,Rv0405,pks6
p.Phe594Ile,Rv1908c,katG
p.Phe650Val,Rv2092c,helY
p.Phe661Ser,Rv0058,dnaB
p.Phe689Leu,Rv0402c,mmpL1
p.Phe690Leu,Rv0507,mmpL2
p.Phe71Cys,Rv2391,sirA
p.Phe7Ser,Rv0749A,
p.Phe82Val,Rv2450c,rpfE
p.Phe872Val,Rv1661,pks7
p.Phe90Gly,Rv0234c,gabD1
p.Phe95Val,Rv2811,
p.Phe99Val,Rv1661,pks7
p.PheLeu47SerPro,Rv2157c,murF
p.PheLeu733LeuIle,Rv0584,
p.Pro103Ser,Rv3123,
p.Pro110Ala,Rv1063c,
p.Pro11Arg,Rv1188,
p.Pro120Ser,Rv3828c,
p.Pro125Thr,Rv3895c,eccB2
p.Pro127Ala,Rv1222,rseA
p.Pro12Arg,Rv0188,
p.Pro133Ser,Rv0594,mce2F
p.Pro135Ala,Rv3666c,dppA
p.Pro138Ser,Rv2160c,
p.Pro139Leu,Rv0806c,cpsY
p.Pro13Thr,Rv0757,phoP
p.Pro146Leu,Rv1014c,pth
p.Pro159Ser,Rv1118c,
p.Pro161fs,Rv3823c,mmpL8
p.Pro162Arg,Rv0089,
p.Pro164Leu,Rv1358,
p.Pro166Leu,Rv3083,
p.Pro176Ser,Rv3587c,
p.Pro178Arg,Rv0570,nrdZ
p.Pro179Ser,Rv1373,
p.Pro181Ser,Rv1531,
p.Pro185fs,Rv3879c,espK
p.Pro188Ala,Rv1704c,cycA
p.Pro18Arg,Rv0433,
p.Pro192Thr,Rv1115,
p.Pro193Ala,Rv1406,fmt
p.Pro196Ala,Rv2276,cyp121
p.Pro197del,Rv3206c,moeB1
p.Pro205Leu,Rv1268c,
p.Pro209Ser,Rv3160c,
p.Pro215Ser,Rv1421,
p.Pro217Arg,Rv3827c,
p.Pro218Thr,Rv0035,fadD34
p.Pro219Leu,Rv1550,fadD11
p.Pro219Ser,Rv0604,lpqO
p.Pro223Arg,Rv1566c,
p.Pro227fs,Rv3824c,papA1
p.Pro227Thr,Rv3886c,mycP2
p.Pro229Thr,Rv3886c,mycP2
p.Pro231Ala,Rv1100,
p.Pro232Ser,Rv3907c,pcnA
p.Pro239Arg,Rv2884,
p.Pro246Ser,Rv2315c,
p.Pro258Ala,Rv1726,
p.Pro263Ser,Rv2715,
p.Pro26Thr,Rv0575c,
p.Pro273Leu,Rv3900c,
p.Pro275Leu,Rv2566,
p.Pro278Ser,Rv3256c,
p.Pro281Ala,Rv0015c,pknA
p.Pro283Ala,Rv3299c,atsB
p.Pro294fs,Rv3882c,eccE1
p.Pro299Ser,Rv1564c,treX
p.Pro2Arg,Rv3315c,cdd
p.Pro303His,Rv3467,
p.Pro303_Leu307delinsHisGluLysLeuLeuArg,Rv3467,
p.Pro30Ser,Rv0424c,
p.Pro310Ser,Rv1996,
p.Pro316Leu,Rv2338c,moeW
p.Pro342Leu,Rv1617,pykA
p.Pro348His,Rv0724,sppA
p.Pro351fs,Rv1521,fadD25
p.Pro353Ala,Rv3370c,dnaE2
p.Pro355fs,Rv2888c,amiC
p.Pro35Leu,Rv0344c,lpqJ
p.Pro36Leu,Rv0456c,echA2
p.Pro372Ser,Rv1743,pknE
p.Pro379Thr,Rv3835,
p.Pro389Leu,Rv2245,kasA
p.Pro413Thr,Rv3882c,eccE1
p.Pro419Arg,Rv0538,
p.Pro422Leu,Rv0087,hycE
p.Pro432Ala,Rv2946c,pks1
p.Pro433Arg,Rv3439c,
p.Pro43Arg,Rv2157c,murF
p.Pro43Ser,Rv1677,dsbF
p.Pro449Ser,Rv3776,
p.Pro452Leu,Rv2920c,amt
p.Pro45Ser,Rv0667,rpoB
p.Pro45Thr,Rv3886c,mycP2
p.Pro482Ser,Rv2100,
p.Pro49Leu,Rv1137c,
p.Pro509Leu,Rv2187,fadD15
p.Pro50Ser,Rv3598c,lysS
p.Pro51Thr,Rv3083,
p.Pro52Ala,Rv0603,
p.Pro530Ala,Rv3649,
p.Pro53Leu,Rv1261c,
p.Pro54Leu,Rv2043c,pncA
p.Pro55Ala,Rv1665,pks11
p.Pro56Leu,Rv2179c,
p.Pro595Leu,Rv1286,cysN
p.Pro5Leu,Rv0563,htpX
p.Pro630Thr,Rv2721c,
p.Pro637His,Rv1449c,tkt
p.Pro64Leu,Rv2076c,
p.Pro68Ser,Rv3566A,
p.Pro696fs,Rv0236c,aftD
p.Pro71Thr,Rv2781c,
p.Pro735Arg,Rv0107c,ctpI
p.Pro74Ala,Rv0577,TB27.3
p.Pro75Ser,Rv2232,ptkA
p.Pro78Leu,Rv2237,
p.Pro84Ala,Rv0858c,dapC
p.Pro881Ser,Rv2092c,helY
p.Pro895Arg,Rv2379c,mbtF
p.Pro89Arg,Rv1254,
p.Pro89Leu,Rv3726,
p.Pro8Ser,Rv0358,
p.Pro927Leu,Rv0194,
p.Pro92Arg,Rv1860,apa
p.Pro92Ser,Rv1805c,
p.Pro97Arg,Rv1004c,
p.Pro97Leu,Rv0426c,
p.Pro99Arg,Rv1379,pyrR
p.Pro9Ala,Rv3890c,esxC
p.ProThr821AlaPro,Rv0613c,
p.ProVal269SerMet,Rv3729,
p.Ser101Trp,Rv0932c,pstS2
p.Ser105Leu,Rv3451,cut3
p.Ser108Arg,Rv1647,
p.Ser1092Thr,Rv3296,lhr
p.Ser111Pro,Rv2677c,hemY
p.Ser112Arg,Rv2367c,
p.Ser114Asn,Rv1375,
p.Ser115Asn,Rv0245,
p.Ser116Arg,Rv2732c,
p.Ser116Pro,Rv3855,ethR
p.Ser1184Pro,Rv2524c,fas
p.Ser118Pro,Rv1679,fadE16
p.Ser119Arg,Rv1129c,
p.Ser128Ala,Rv1383,carA
p.Ser12_Pro15del,Rv0485,
p.Ser12*,Rv1500,
p.Ser1311Arg,Rv0236c,aftD
p.Ser132Asn,Rv1364c,
p.Ser132Ile,Rv1869c,
p.Ser133Asn,Rv2270,lppN
p.Ser144Ala,Rv0835,lpqQ
p.Ser148Ala,Rv2812,
p.Ser150Leu,Rv0302,
p.Ser151Tyr,Rv1540,
p.Ser153fs,Rv3333c,
p.Ser154Arg,Rv3032,
p.Ser167Leu,Rv1236,sugA
p.Ser169Ile,Rv3062,ligB
p.Ser173Ala,Rv3806c,ubiA
p.Ser187*,Rv2095c,pafC
p.Ser188Thr,Rv1170,mshB
p.Ser189Pro,Rv0574c,
p.Ser18fs,Rv2043c,pncA
p.Ser18Gly,Rv3854c,ethA
p.Ser197Phe,Rv3888c,
p.Ser198Ala,Rv0650,
p.Ser200_Lys201insAsnLeuPheThrGlnTyrLeuSer,Rv0934,pstS1
p.Ser200Pro,Rv3080c,pknK
p.Ser201Asn,Rv2285,
p.Ser2035Ala,Rv2933,ppsC
p.Ser203Pro,Rv1933c,fadE18
p.Ser209*,Rv1027c,kdpE
p.Ser212fs,Rv0485,
p.Ser212Pro,Rv0565c,
p.Ser215fs,Rv3083,
p.Ser216Ala,Rv3665c,dppB
p.Ser21Pro,Rv3748,
p.Ser226Ala,Rv0107c,ctpI
p.Ser227Pro,Rv1004c,
p.Ser233Gly,Rv3311,
p.Ser238Pro,Rv2006,otsB1
p.Ser24Arg,Rv0904c,accD3
p.Ser251fs,Rv3854c,ethA
p.Ser253Ala,Rv3895c,eccB2
p.Ser255Arg,Rv3593,lpqF
p.Ser255fs,Rv1637c,
p.Ser261Arg,Rv3810,pirG
p.Ser264Arg,Rv3341,metA
p.Ser268Tyr,Rv2045c,lipT
p.Ser270Gly,Rv0631c,recC
p.Ser272_Ile274dup,Rv2209,
p.Ser277fs,Rv1097c,
p.Ser27Tyr,Rv0010c,
p.Ser281Ala,Rv1028c,kdpD
p.Ser287Asn,Rv3199c,nudC
p.Ser288Pro,Rv0867c,rpfA
p.Ser294Arg,Rv3691,
p.Ser303Ala,Rv2351c,plcA
p.Ser306Pro,Rv2151c,ftsQ
p.Ser306Thr,Rv2476c,gdh
p.Ser307Pro,Rv3703c,
p.Ser326Pro,Rv1968,mce3C
p.Ser330fs,Rv1660,pks10
p.Ser334Ala,Rv3856c,
p.Ser335Arg,Rv1937,
p.Ser350Ala,Rv3879c,espK
p.Ser351Pro,Rv2266,cyp124
p.Ser352Asn,Rv2305,
p.Ser369Arg,Rv2739c,
p.Ser373Ala,Rv1661,pks7
p.Ser391Cys,Rv3212,
p.Ser400Arg,Rv2004c,
p.Ser40Ala,Rv0252,nirB
p.Ser415Ala,Rv3879c,espK
p.Ser418Pro,Rv1629,polA
p.Ser421Ala,Rv0418,lpqL
p.Ser423Ala,Rv1329c,dinG
p.Ser425Ala,Rv0017c,rodA
p.Ser430Asn,Rv3371,
p.Ser43Arg,Rv0744c,
p.Ser447Phe,Rv0005,gyrB
p.Ser450Gln,Rv0667,rpoB
p.Ser471Ala,Rv3903c,
p.Ser47Asn,Rv3282,
p.Ser492Leu,Rv1420,uvrC
p.Ser49Arg,Rv1442,bisC
p.Ser4Phe,Rv3341,metA
p.Ser538Pro,Rv3795,embB
p.Ser555Pro,Rv2264c,
p.Ser557Thr,Rv2264c,
p.Ser56Cys,Rv0407,fgd1
p.Ser570Ala,Rv2934,ppsD
p.Ser58Ala,Rv1851,ureF
p.Ser59Gly,Rv2755c,hsdS.1
p.Ser59Pro,Rv0959,
p.Ser604Pro,Rv1522c,mmpL12
p.Ser60Ala,Rv0610c,
p.Ser60Ala,Rv3657c,
p.Ser617Pro,Rv3728,
p.Ser61Ala,Rv3792,aftA
p.Ser635Arg,Rv2721c,
p.Ser65Arg,Rv2090,
p.Ser718Ala,Rv2048c,pks12
p.Ser71Arg,Rv0612,
p.Ser71Asn,Rv3221c,TB7.3
p.Ser72Pro,Rv0082,
p.Ser72Trp,Rv0527,ccdA
p.Ser739fs,Rv0339c,
p.Ser748Pro,Rv0339c,
p.Ser78Leu,Rv1704c,cycA
p.Ser7Ala,Rv2656c,
p.Ser7Asn,Rv2509,
p.Ser80Arg,Rv0511,hemD
p.Ser83Gly,Rv2416c,eis
p.Ser84Asn,Rv1271c,
p.Ser86Arg,Rv2221c,glnE
p.Ser86Pro,Rv2559c,
p.Ser87Ile,Rv2329c,narK1
p.Ser92*,Rv2757c,vapC21
p.Ser94Asn,Rv1255c,
p.Ser97Ala,Rv2996c,serA1
p.Ser98Gly,Rv2447c,folC
p.Ser993*,Rv0107c,ctpI
p.Ser99Gly,Rv2700,
p.SerAla139ArgGly,Rv0182c,sigG
p.SerAsn86ProThr,Rv0023,
p.Ter170Glyext*?,Rv1571,
p.Ter251Trpext*?,Rv2492,
p.Ter315Gluext*?,Rv1075c,
p.Ter318Cysext*?,Rv3467,
p.Ter429Ter,Rv0467,icl1
p.Ter450fs,Rv0161,
p.Ter470Ter,Rv0221,
p.Ter561Pheext*?,Rv0853c,pdc
p.Thr100Ile,Rv2043c,pncA
p.Thr103Pro,Rv0998,
p.Thr103Pro,Rv1975,
p.Thr103Pro,Rv3257c,pmmA
p.Thr103Pro,Rv3544c,fadE28
p.Thr107Pro,Rv2678c,hemE
p.Thr109Ala,Rv1940,ribA1
p.Thr111Ala,Rv1735c,
p.Thr111Pro,Rv2716,
p.Thr112Ala,Rv2531c,
p.Thr1132Pro,Rv0266c,oplA
p.Thr1134Ala,Rv2933,ppsC
p.Thr118Pro,Rv3517,
p.Thr118Ser,Rv3846,sodA
p.Thr119Pro,Rv1162,narH
p.Thr119Pro,Rv2284,lipM
p.Thr120Ala,Rv0565c,
p.Thr120Pro,Rv1564c,treX
p.Thr120Pro,Rv1713,engA
p.Thr123Pro,Rv3796,
p.Thr1268Pro,Rv2934,ppsD
p.Thr127Ala,Rv0945,
p.Thr127Pro,Rv0539,
p.Thr12Ile,Rv0905,echA6
p.Thr130Pro,Rv3406,
p.Thr131Pro,Rv2942,mmpL7
p.Thr132Pro,Rv3589,mutY
p.Thr134Pro,Rv2370c,
p.Thr136dup,Rv1726,
p.Thr136Pro,Rv0079,
p.Thr136Pro,Rv1654,argB
p.Thr136Pro,Rv3330,dacB1
p.Thr138Ala,Rv3401,
p.Thr138Pro,Rv0195,
p.Thr138Pro,Rv0610c,
p.Thr138Pro,Rv3452,cut4
p.Thr13Pro,Rv1704c,cycA
p.Thr13Pro,Rv2386c,mbtI
p.Thr141fs,Rv1028c,kdpD
p.Thr143Lys,Rv3383c,idsB
p.Thr145Pro,Rv0779c,
p.Thr145Pro,Rv0897c,
p.Thr146Pro,Rv0614,
p.Thr1487Ala,Rv1661,pks7
p.Thr154Pro,Rv1204c,
p.Thr155Ser,Rv1591,
p.Thr157Ile,Rv2152c,murC
p.Thr15Pro,Rv1907c,
p.Thr15Pro,Rv2153c,murG
p.Thr160Ala,Rv2043c,pncA
p.Thr163fs,Rv3674c,nth
p.Thr164_Asp166del,Rv0726c,
p.Thr165Ala,Rv0356c,
p.Thr165Pro,Rv1742,
p.Thr166Ile,Rv0079,
p.Thr173Pro,Rv2054,
p.Thr175Pro,Rv3299c,atsB
p.Thr176Pro,Rv3088,tgs4
p.Thr176Pro,Rv3645,
p.Thr181Pro,Rv3645,
p.Thr183Pro,Rv2802c,
p.Thr183Pro,Rv3645,
p.Thr187Ile,Rv1709,scpA
p.Thr189Arg,Rv3662c,
p.Thr18Pro,Rv2061c,
p.Thr18Pro,Rv3459c,rpsK
p.Thr190Pro,Rv2373c,dnaJ2
p.Thr191Asn,Rv3451,cut3
p.Thr191Pro,Rv3080c,pknK
p.Thr192Pro,Rv1933c,fadE18
p.Thr193Pro,Rv0914c,
p.Thr194Ala,Rv0419,lpqM
p.Thr194Ile,Rv3665c,dppB
p.Thr194Pro,Rv1179c,
p.Thr196Pro,Rv0555,menD
p.Thr198Pro,Rv1256c,cyp130
p.Thr202Pro,Rv2696c,
p.Thr203Pro,Rv1856c,
p.Thr203Pro,Rv3154,nuoJ
p.Thr205Pro,Rv0673,echA4
p.Thr206Pro,Rv0672,fadE8
p.Thr208Pro,Rv2090,
p.Thr211Pro,Rv0270,fadD2
p.Thr213Ala,Rv1795,eccD5
p.Thr213Pro,Rv0555,menD
p.Thr214Pro,Rv2243,fabD
p.Thr214Pro,Rv3271c,
p.Thr215Pro,Rv2950c,fadD29
p.Thr217Ser,Rv1874,
p.Thr218Pro,Rv1122,gnd2
p.Thr218Pro,Rv2243,fabD
p.Thr21Ala,Rv0835,lpqQ
p.Thr21Pro,Rv2057c,rpmG1
p.Thr221Pro,Rv0438c,moeA2
p.Thr221Pro,Rv1510,
p.Thr226Pro,Rv3446c,
p.Thr229Lys,Rv1520,
p.Thr234Pro,Rv1737c,narK2
p.Thr235Pro,Rv1722,
p.Thr235Pro,Rv1836c,
p.Thr236Ala,Rv1704c,cycA
p.Thr237Pro,Rv1722,
p.Thr237Pro,Rv3307,deoD
p.Thr239Ala,Rv2161c,
p.Thr23Pro,Rv2057c,rpmG1
p.Thr240Pro,Rv3080c,pknK
p.Thr242Ala,Rv0574c,
p.Thr244Ala,Rv2508c,
p.Thr245Pro,Rv1655,argD
p.Thr247Pro,Rv2897c,
p.Thr248_Cys249delinsArg,Rv1668c,
p.Thr249Pro,Rv0026,
p.Thr24Pro,Rv1899c,lppD
p.Thr251Pro,Rv3150,nuoF
p.Thr257Ser,Rv0547c,
p.Thr25Pro,Rv0758,phoR
p.Thr25Pro,Rv3010c,pfkA
p.Thr262Pro,Rv1157c,
p.Thr262Pro,Rv2529,
p.Thr266Pro,Rv2601,speE
p.Thr267Pro,Rv0861c,ercc3
p.Thr269Pro,Rv0631c,recC
p.Thr269Pro,Rv3593,lpqF
p.Thr26Pro,Rv1134,
p.Thr270Ala,Rv3793,embC
p.Thr272Pro,Rv2943,
p.Thr278Pro,Rv2404c,lepA
p.Thr279Pro,Rv1563c,treY
p.Thr27Pro,Rv0116c,ldtA
p.Thr27Pro,Rv1478,
p.Thr27Ser,Rv3831,
p.Thr2831Pro,Rv2524c,fas
p.Thr283Ile,Rv2443,dctA
p.Thr287Pro,Rv3720,
p.Thr289Ala,Rv2077c,
p.Thr289Pro,Rv3870,eccCa1
p.Thr28Pro,Rv0514,
p.Thr290Pro,Rv3257c,pmmA
p.Thr294Pro,Rv2282c,
p.Thr297Pro,Rv3720,
p.Thr2Pro,Rv3108,
p.Thr300Ser,Rv2124c,metH
p.Thr302Ile,Rv2096c,pafB
p.Thr302Pro,Rv3261,fbiA
p.Thr309Ile,Rv1500,
p.Thr30Pro,Rv3838c,pheA
p.Thr310Asn,Rv3881c,espB
p.Thr315Pro,Rv2592c,ruvB
p.Thr317Ser,Rv3651,
p.Thr318Pro,Rv0826,
p.Thr319Ala,Rv2682c,dxs1
p.Thr319Pro,Rv2082,
p.Thr323Ile,Rv1660,pks10
p.Thr323Pro,Rv0411c,glnH
p.Thr323Pro,Rv2650c,
p.Thr324Pro,Rv1524,
p.Thr325Pro,Rv2650c,
p.Thr326Pro,Rv0922,
p.Thr32Met,Rv1208,gpgS
p.Thr32Pro,Rv0236c,aftD
p.Thr32Pro,Rv2426c,
p.Thr32Ser,Rv1588c,
p.Thr330Pro,Rv1263,amiB2
p.Thr330Pro,Rv2100,
p.Thr331Pro,Rv2585c,
p.Thr334Pro,Rv3060c,
p.Thr334Pro,Rv3244c,lpqB
p.Thr335Pro,Rv2143,
p.Thr336Pro,Rv0457c,
p.Thr337Pro,Rv1592c,
p.Thr338Ala,Rv2781c,
p.Thr347fs,Rv3087,
p.Thr347Pro,Rv1447c,zwf2
p.Thr348Ala,Rv2535c,pepQ
p.Thr350Pro,Rv1226c,
p.Thr35Pro,Rv0539,
p.Thr35Pro,Rv1736c,narX
p.Thr365Ala,Rv0312,
p.Thr365Pro,Rv1018c,glmU
p.Thr368Pro,Rv2264c,
p.Thr36Pro,Rv2304c,
p.Thr36Pro,Rv2800,
p.Thr371Pro,Rv1032c,trcS
p.Thr373Ala,Rv0951,sucC
p.Thr373Pro,Rv2850c,
p.Thr37Ala,Rv1467c,fadE15
p.Thr381Pro,Rv2082,
p.Thr381Pro,Rv2154c,ftsW
p.Thr381Pro,Rv3721c,dnaZX
p.Thr382Pro,Rv1635c,
p.Thr385Ala,Rv2434c,
p.Thr38Pro,Rv1899c,lppD
p.Thr390Pro,Rv1381,pyrC
p.Thr392Ala,Rv2947c,pks15
p.Thr392Pro,Rv0842,
p.Thr393Pro,Rv0341,iniB
p.Thr396Pro,Rv3909,
p.Thr398Pro,Rv0973c,accA2
p.Thr400Ala,Rv3909,
p.Thr401Ala,Rv1746,pknF
p.Thr402Pro,Rv3195,
p.Thr409Pro,Rv1835c,
p.Thr40Pro,Rv3211,rhlE
p.Thr414Pro,Rv3450c,eccB4
p.Thr415Ala,Rv1795,eccD5
p.Thr416Pro,Rv3450c,eccB4
p.Thr418Ala,Rv1537,dinX
p.Thr418Ala,Rv2008c,
p.Thr418Ala,Rv3554,fdxB
p.Thr418Pro,Rv0538,
p.Thr418Pro,Rv1130,prpD
p.Thr41Lys,Rv3701c,
p.Thr420Ala,Rv0235c,
p.Thr422Pro,Rv3610c,ftsH
p.Thr425Pro,Rv0341,iniB
p.Thr428Ile,Rv3107c,agpS
p.Thr430Pro,Rv1129c,
p.Thr43Pro,Rv2362c,recO
p.Thr451fs,Rv1030,kdpB
p.Thr459fs,Rv0402c,mmpL1
p.Thr45Pro,Rv0533c,fabH
p.Thr461Pro,Rv2947c,pks15
p.Thr464Ala,Rv2447c,folC
p.Thr471Pro,Rv2264c,
p.Thr472Ala,Rv0083,
p.Thr473Ala,Rv3879c,espK
p.Thr473Ser,Rv1326c,glgB
p.Thr475Pro,Rv0538,
p.Thr477Pro,Rv2733c,
p.Thr480Pro,Rv3365c,
p.Thr486Met,Rv0907,
p.Thr48Ala,Rv2799,
p.Thr493Pro,Rv1290c,
p.Thr498Pro,Rv1527c,pks5
p.Thr4Pro,Rv0600c,
p.Thr500Ala,Rv1272c,
p.Thr500Asn,Rv0005,gyrB
p.Thr506Pro,Rv2082,
p.Thr50Ala,Rv1863c,
p.Thr51Pro,Rv0533c,fabH
p.Thr523Pro,Rv0244c,fadE5
p.Thr523Pro,Rv1536,ileS
p.Thr526Pro,Rv0194,
p.Thr529Pro,Rv2567,
p.Thr533Pro,Rv2264c,
p.Thr53Pro,Rv1225c,
p.Thr53Pro,Rv3521,
p.Thr544Ser,Rv2572c,aspS
p.Thr54_Val59del,Rv2023c,
p.Thr558Lys,Rv1661,pks7
p.Thr560Pro,Rv2932,ppsB
p.Thr565Pro,Rv2082,
p.Thr566Pro,Rv1527c,pks5
p.Thr56fs,Rv2086,
p.Thr60Pro,Rv3821,
p.Thr614Met,Rv3710,leuA
p.Thr61Pro,Rv1831,
p.Thr620Ala,Rv3793,embC
p.Thr625Ala,Rv2339,mmpL9
p.Thr62Ala,Rv0104,
p.Thr62Ala,Rv0401,
p.Thr631fs,Rv0405,pks6
p.Thr639Pro,Rv3554,fdxB
p.Thr63Pro,Rv2250c,
p.Thr63Pro,Rv2673,aftC
p.Thr64Pro,Rv1186c,
p.Thr66Ala,Rv0565c,
p.Thr672Pro,Rv1866,
p.Thr676Ala,Rv0822c,
p.Thr67Ala,Rv3544c,fadE28
p.Thr67Pro,Rv3369,
p.Thr683Pro,Rv3365c,
p.Thr68Pro,Rv2664,
p.Thr695Pro,Rv2241,aceE
p.Thr711Pro,Rv3273,
p.Thr71Ala,Rv3662c,
p.Thr71Pro,Rv2070c,cobK
p.Thr71Pro,Rv3647c,
p.Thr727Pro,Rv2567,
p.Thr72Pro,Rv0007,
p.Thr72Pro,Rv0267,narU
p.Thr750Pro,Rv0339c,
p.Thr758Pro,Rv2467,pepN
p.Thr75Ala,Rv1225c,
p.Thr761Pro,Rv0613c,
p.Thr76Pro,Rv0407,fgd1
p.Thr76Pro,Rv3523,ltp3
p.Thr77Asn,Rv2824c,
p.Thr789Pro,Rv0206c,mmpL3
p.Thr78Pro,Rv0407,fgd1
p.Thr797Ala,Rv1821,secA2
p.Thr79Pro,Rv0847,lpqS
p.Thr813Pro,Rv0613c,
p.Thr81Pro,Rv0770,
p.Thr82Pro,Rv0659c,mazF2
p.Thr833Leu,Rv0613c,
p.Thr841Pro,Rv0206c,mmpL3
p.Thr843Pro,Rv0630c,recB
p.Thr849Pro,Rv3795,embB
p.Thr84Pro,Rv0618,galTa
p.Thr869Pro,Rv2488c,
p.Thr86Pro,Rv2158c,murE
p.Thr878Ala,Rv1547,dnaE1
p.Thr88Pro,Rv2100,
p.Thr89Pro,Rv3855,ethR
p.Thr904Ala,Rv0064,
p.Thr90Pro,Rv0387c,
p.Thr95Pro,Rv0104,
p.Thr96Ala,Rv0570,nrdZ
p.Thr96Pro,Rv1005c,pabB
p.Thr971Pro,Rv3910,
p.Thr98Ala,Rv1147,
p.Thr98Pro,Rv1478,
p.Thr9Pro,Rv1907c,
p.ThrGluHis179ProGlyPro,Rv0649,fabD2
p.ThrLeu869ProArg,Rv2488c,
p.ThrSer13ProPro,Rv1825,
p.ThrThr128ProPro,Rv0243,fadA2
p.ThrThr58ProPro,Rv1817,
p.Trp101*,Rv2764c,thyA
p.Trp102Gly,Rv3628,ppa
p.Trp104Ser,Rv1862,adhA
p.Trp111_Asn129del,Rv1442,bisC
p.Trp112Gly,Rv0880,
p.Trp11Gly,Rv2515c,
p.Trp12Arg,Rv2083,
p.Trp12*,Rv1819c,bacA
p.Trp138fs,Rv3848,
p.Trp16Gly,Rv0233,nrdB
p.Trp170Gly,Rv3728,
p.Trp172*,Rv1249c,
p.Trp17Gly,Rv2601,speE
p.Trp184Gly,Rv2825c,
p.Trp187*,Rv2410c,
p.Trp191Gly,Rv1908c,katG
p.Trp231Arg,Rv0634c,
p.Trp237Gly,Rv3899c,
p.Trp238Gly,Rv1905c,aao
p.Trp253Ser,Rv2950c,fadD29
p.Trp256fs,Rv3854c,ethA
p.Trp262Gly,Rv3604c,
p.Trp263Gly,Rv3107c,agpS
p.Trp271*,Rv3083,
p.Trp296Arg,Rv2731,
p.Trp296Gly,Rv2303c,
p.Trp304Arg,Rv3169,
p.Trp323Arg,Rv1431,
p.Trp348Gly,Rv3808c,glfT2
p.Trp410Gly,Rv2995c,leuB
p.Trp417Gly,Rv1777,cyp144
p.Trp419fs,Rv0392c,ndhA
p.Trp43Gly,Rv1591,
p.Trp444fs,Rv3273,
p.Trp475Arg,Rv3394c,
p.Trp47Arg,Rv3363c,
p.Trp504Leu,Rv1469,ctpD
p.Trp56Arg,Rv0621,
p.Trp573Gly,Rv1661,pks7
p.Trp61Gly,Rv0613c,
p.Trp639Ser,Rv1327c,glgE
p.Trp656Leu,Rv2101,helZ
p.Trp686Gly,Rv2221c,glnE
p.Trp68Gly,Rv3299c,atsB
p.Trp71Gly,Rv3268,
p.Trp748*,Rv3299c,atsB
p.Trp86Gly,Rv1930c,
p.Trp886Gly,Rv3299c,atsB
p.Trp915Gly,Rv3370c,dnaE2
p.Trp92fs,Rv2081c,
p.Trp92Gly,Rv2081c,
p.Trp93Arg,Rv2611c,
p.Trp99Cys,Rv3110,moaB1
p.TrpArg161AlaGly,Rv0649,fabD2
p.TrpVal180GlyGly,Rv3239c,
p.Tyr1021Asp,Rv2940c,mas
p.Tyr103Cys,Rv2562,
p.Tyr106Cys,Rv0406c,
p.Tyr1098Asp,Rv2124c,metH
p.Tyr1149His,Rv0266c,oplA
p.Tyr128Ser,Rv2895c,viuB
p.Tyr12Asn,Rv2854,
p.Tyr137Asp,Rv1129c,
p.Tyr13Asp,Rv1850,ureC
p.Tyr158Cys,Rv0861c,ercc3
p.Tyr162Asp,Rv2059,
p.Tyr172Ser,Rv0398c,
p.Tyr178Ser,Rv3633,
p.Tyr18Asp,Rv2564,glnQ
p.Tyr199Asp,Rv0449c,
p.Tyr19Asp,Rv2835c,ugpA
p.Tyr216Ser,Rv0784,
p.Tyr219Ser,Rv3709c,ask
p.Tyr226His,Rv2701c,suhB
p.Tyr226Ser,Rv3515c,fadD19
p.Tyr233Cys,Rv0753c,mmsA
p.Tyr242Ser,Rv2566,
p.Tyr24Ser,Rv2560,
p.Tyr256Phe,Rv0799c,
p.Tyr28*,Rv0114,gmhB
p.Tyr301fs,Rv3761c,fadE36
p.Tyr301*,Rv3428c,
p.Tyr319Ser,Rv3795,embB
p.Tyr327Ser,Rv3918c,parA
p.Tyr337His,Rv3883c,mycP1
p.Tyr339Ser,Rv0955,
p.Tyr365Ser,Rv0331,
p.Tyr369Ser,Rv3496c,mce4D
p.Tyr36*,Rv2133c,
p.Tyr388Asp,Rv3423c,alr
p.Tyr390Cys,Rv1908c,katG
p.Tyr396*,Rv0341,iniB
p.Tyr398Ser,Rv1971,mce3F
p.Tyr416Cys,Rv0161,
p.Tyr427Asp,Rv1020,mfd
p.Tyr438*,Rv3854c,ethA
p.Tyr448Ser,Rv1013,pks16
p.Tyr465Ser,Rv0565c,
p.Tyr472Asp,Rv1402,priA
p.Tyr482Ser,Rv2214c,ephD
p.Tyr493Ser,Rv1165,typA
p.Tyr52Asp,Rv0866,moaE2
p.Tyr542Ser,Rv0197,
p.Tyr59Phe,Rv0346c,ansP2
p.Tyr60Ser,Rv2754c,thyX
p.Tyr616Ser,Rv0939,
p.Tyr61fs,Rv2657c,
p.Tyr62*,Rv1377c,
p.Tyr697Ser,Rv3909,
p.Tyr79His,Rv0146,
p.Tyr7His,Rv0634c,
p.Tyr812Ser,Rv2379c,mbtF
p.Tyr88Ser,Rv1161,narG
p.Tyr946*,Rv2590,fadD9
p.Tyr95fs,Rv2043c,pncA
p.Tyr96Ser,Rv3689,
p.Val1005Gly,Rv0648,
p.Val100Gly,Rv1862,adhA
p.Val1010Ala,Rv3370c,dnaE2
p.Val101fs,Rv0658c,
p.Val101Gly,Rv2198c,mmpS3
p.Val101Met,Rv0634c,
p.Val102Gly,Rv0650,
p.Val102Gly,Rv0743c,
p.Val102Gly,Rv1300,hemK
p.Val1047Gly,Rv0630c,recB
p.Val105Gly,Rv0737,
p.Val105Gly,Rv0971c,echA7
p.Val105Gly,Rv2482c,plsB2
p.Val106fs,Rv2645,
p.Val107Gly,Rv0525,
p.Val108Gly,Rv3728,
p.Val109Gly,Rv2552c,aroE
p.Val109Gly,Rv2682c,dxs1
p.Val10Gly,Rv2053c,fxsA
p.Val110Ala,Rv0041,leuS
p.Val110Gly,Rv2120c,
p.Val111fs,Rv1355c,moeY
p.Val112Gly,Rv1647,
p.Val112Gly,Rv2280,
p.Val112Gly,Rv2829c,vapC22
p.Val113Gly,Rv2966c,
p.Val1146Gly,Rv0266c,oplA
p.Val114Phe,Rv3666c,dppA
p.Val1153Gly,Rv1661,pks7
p.Val115Gly,Rv3506,fadD17
p.Val117Gly,Rv0779c,
p.Val117Gly,Rv2867c,
p.Val119Gly,Rv1935c,echA13
p.Val119Gly,Rv3446c,
p.Val11Gly,Rv2837c,
p.Val120Leu,Rv1928c,
p.Val122Ala,Rv3328c,sigJ
p.Val122Gly,Rv3063,cstA
p.Val122Ile,Rv3571,kshB
p.Val1230Gly,Rv2946c,pks1
p.Val123Gly,Rv0161,
p.Val1240Gly,Rv0284,eccC3
p.Val124Ala,Rv3919c,gid
p.Val1252Leu,Rv0668,rpoC
p.Val125Ala,Rv2852c,mqo
p.Val127Gly,Rv0971c,echA7
p.Val128Gly,Rv2736c,recX
p.Val128Gly,Rv2844,
p.Val128Gly,Rv3446c,
p.Val129Gly,Rv0376c,
p.Val12Ala,Rv2189c,
p.Val131Ala,Rv0997,
p.Val131Gly,Rv0203,
p.Val131Gly,Rv0997,
p.Val132Gly,Rv2090,
p.Val1341Gly,Rv3296,lhr
p.Val134Leu,Rv0753c,mmsA
p.Val135Gly,Rv0686,
p.Val135Gly,Rv3608c,folP1
p.Val1367Gly,Rv2934,ppsD
p.Val136Gly,Rv2380c,mbtE
p.Val137Gly,Rv3433c,
p.Val138Gly,Rv2936,drrA
p.Val139Ala,Rv2043c,pncA
p.Val139Gly,Rv0052,
p.Val139Gly,Rv2636,
p.Val139Gly,Rv2736c,recX
p.Val1404Gly,Rv1661,pks7
p.Val1406Gly,Rv1661,pks7
p.Val140Gly,Rv0058,dnaB
p.Val140Gly,Rv1474c,
p.Val141Gly,Rv0614,
p.Val141Gly,Rv3671c,
p.Val142Gly,Rv3300c,
p.Val1431Glu,Rv1661,pks7
p.Val1431Gly,Rv1661,pks7
p.Val143Ile,Rv2030c,
p.Val1448Gly,Rv1661,pks7
p.Val145Gly,Rv2577,
p.Val1463Gly,Rv1662,pks8
p.Val146_Thr147del,Rv3759c,proX
p.Val146_Thr147dup,Rv3759c,proX
p.Val147Gly,Rv3908,mutT4
p.Val147Met,Rv3292,
p.Val14Gly,Rv1327c,glgE
p.Val151Gly,Rv3238c,
p.Val152Ala,Rv2839c,infB
p.Val152Gly,Rv2812,
p.Val1542Gly,Rv2524c,fas
p.Val155Gly,Rv1275,lprC
p.Val155Gly,Rv1722,
p.Val156Met,Rv1965,yrbE3B
p.Val157Gly,Rv1289,
p.Val158Gly,Rv0146,
p.Val159Leu,Rv1496,
p.Val161Gly,Rv1722,
p.Val161Gly,Rv1997,ctpF
p.Val162Gly,Rv2776c,
p.Val163Gly,Rv2345,
p.Val163Ile,Rv2416c,eis
p.Val164Gly,Rv1207,folP2
p.Val164Ile,Rv1650,pheT
p.Val165Gly,Rv0727c,fucA
p.Val165Gly,Rv2612c,pgsA1
p.Val165Gly,Rv3365c,
p.Val165Ile,Rv3152,nuoH
p.Val166Gly,Rv2392,cysH
p.Val166Gly,Rv3013,
p.Val167Gly,Rv3341,metA
p.Val168Gly,Rv2955c,
p.Val171Gly,Rv1715,fadB3
p.Val171Gly,Rv2112c,dop
p.Val172Gly,Rv3395c,
p.Val172Gly,Rv3536c,hsaE
p.Val173Ala,Rv0943c,
p.Val173Ile,Rv1627c,
p.Val1749Glu,Rv1661,pks7
p.Val174Gly,Rv0255c,cobQ1
p.Val174Gly,Rv3645,
p.Val1752Ala,Rv1661,pks7
p.Val175Gly,Rv1713,engA
p.Val176Gly,Rv1233c,
p.Val176Gly,Rv1654,argB
p.Val176Gly,Rv3502c,
p.Val178Gly,Rv3436c,glmS
p.Val178Phe,Rv2958c,
p.Val179Ala,Rv0191,
p.Val179Gly,Rv0673,echA4
p.Val17Gly,Rv0375c,
p.Val17Gly,Rv0566c,
p.Val17Gly,Rv1912c,fadB5
p.Val181fs,Rv0386,
p.Val181Gly,Rv0375c,
p.Val181Gly,Rv0407,fgd1
p.Val182Gly,Rv1220c,
p.Val182Gly,Rv3534c,hsaF
p.Val184Gly,Rv0234c,gabD1
p.Val184Gly,Rv3169,
p.Val186Gly,Rv0574c,
p.Val187Gly,Rv1836c,
p.Val188fs,Rv0987,
p.Val188Gly,Rv0191,
p.Val188Gly,Rv1654,argB
p.Val189Asp,Rv2984,ppk1
p.Val18Gly,Rv3307,deoD
p.Val191fs,Rv3879c,espK
p.Val193Gly,Rv2095c,pafC
p.Val195Gly,Rv3395c,
p.Val196Gly,Rv2438c,nadE
p.Val197Gly,Rv2048c,pks12
p.Val198Gly,Rv3732,
p.Val199Gly,Rv0574c,
p.Val199Gly,Rv1030,kdpB
p.Val199Gly,Rv1680,
p.Val1?,Rv0007,
p.Val1?,Rv0266c,oplA
p.Val1?,Rv2367c,
p.Val1?,Rv2416c,eis
p.Val1?,Rv2548,vapC19
p.Val1?,Rv2721c,
p.Val1?,Rv2742c,
p.Val1?,Rv3634c,galE1
p.Val200Gly,Rv3298c,lpqC
p.Val202Gly,Rv0058,dnaB
p.Val203Gly,Rv3293,pcd
p.Val206Ala,Rv0142,
p.Val206Gly,Rv0142,
p.Val206Gly,Rv3087,
p.Val209Gly,Rv2388c,hemN
p.Val20Gly,Rv0689c,
p.Val210Gly,Rv1445c,devB
p.Val210Gly,Rv2032,acg
p.Val210Gly,Rv3311,
p.Val211Gly,Rv0773c,ggtA
p.Val212Gly,Rv0058,dnaB
p.Val214Ala,Rv2215,dlaT
p.Val216Gly,Rv1336,cysM
p.Val216Gly,Rv1407,fmu
p.Val216Gly,Rv1455,
p.Val216Gly,Rv2155c,murD
p.Val216Gly,Rv2228c,
p.Val216Gly,Rv3610c,ftsH
p.Val219Gly,Rv2836c,dinF
p.Val219Phe,Rv3860,
p.Val221Gly,Rv1075c,
p.Val222Gly,Rv0162c,adhE1
p.Val222Gly,Rv1112,
p.Val222Gly,Rv3610c,ftsH
p.Val224Gly,Rv1009,rpfB
p.Val228Gly,Rv1391,dfp
p.Val230Gly,Rv1662,pks8
p.Val231Gly,Rv0884c,serC
p.Val231Gly,Rv3887c,eccD2
p.Val233fs,Rv0790c,
p.Val233Gly,Rv0803,purL
p.Val234Ala,Rv3506,fadD17
p.Val234Gly,Rv1965,yrbE3B
p.Val235Gly,Rv2677c,hemY
p.Val236Gly,Rv1997,ctpF
p.Val236Gly,Rv2439c,proB
p.Val236Gly,Rv3196,
p.Val238Ala,Rv3594,
p.Val238Gly,Rv3618,
p.Val238Met,Rv0415,thiO
p.Val23Ile,Rv2442c,rplU
p.Val240Gly,Rv1173,fbiC
p.Val240Gly,Rv1841c,
p.Val242Gly,Rv0216,
p.Val243Gly,Rv3693,
p.Val244Ala,Rv1475c,acn
p.Val244Gly,Rv0896,gltA2
p.Val245Gly,Rv2464c,
p.Val245Gly,Rv2918c,glnD
p.Val247Ala,Rv1462,
p.Val247Gly,Rv1194c,
p.Val247Gly,Rv2338c,moeW
p.Val249Gly,Rv2159c,
p.Val249Gly,Rv2464c,
p.Val24Gly,Rv0879c,
p.Val24Gly,Rv3000,
p.Val24Met,Rv0420c,
p.Val250Gly,Rv0447c,ufaA1
p.Val254Ala,Rv1259,udgB
p.Val255Gly,Rv1315,murA
p.Val255Gly,Rv2836c,dinF
p.Val259Gly,Rv2030c,
p.Val25Gly,Rv2033c,
p.Val25Gly,Rv2601,speE
p.Val25Gly,Rv3312A,
p.Val261Gly,Rv2025c,
p.Val262Gly,Rv0908,ctpE
p.Val262Gly,Rv3562,fadE31
p.Val263Gly,Rv0564c,gpdA1
p.Val263Gly,Rv1654,argB
p.Val264Gly,Rv3085,
p.Val265Met,Rv1009,rpfB
p.Val266Gly,Rv1967,mce3B
p.Val267Gly,Rv0794c,
p.Val267Gly,Rv3132c,devS
p.Val269Gly,Rv3565,aspB
p.Val269Gly,Rv3626c,
p.Val270Gly,Rv1451,ctaB
p.Val271Gly,Rv3517,
p.Val273Gly,Rv1654,argB
p.Val273Gly,Rv2535c,pepQ
p.Val275Ala,Rv2316,uspA
p.Val275Ile,Rv2232,ptkA
p.Val279Gly,Rv0213c,
p.Val279Gly,Rv1812c,
p.Val27Gly,Rv0084,hycD
p.Val27Phe,Rv3899c,
p.Val282Gly,Rv1376,
p.Val282Gly,Rv1812c,
p.Val283Gly,Rv2795c,
p.Val284Gly,Rv2988c,leuC
p.Val286Gly,Rv2678c,hemE
p.Val287Gly,Rv1540,
p.Val28Leu,Rv3165c,
p.Val294Gly,Rv1538c,ansA
p.Val296Gly,Rv3256c,
p.Val297Gly,Rv0886,fprB
p.Val298Gly,Rv3132c,devS
p.Val298Ile,Rv3105c,prfB
p.Val298Met,Rv3660c,
p.Val299Ile,Rv1682,
p.Val29Gly,Rv2727c,miaA
p.Val29Gly,Rv3318,sdhA
p.Val2Ala,Rv2491,
p.Val300Gly,Rv1402,priA
p.Val301Gly,Rv3684,
p.Val302Gly,Rv0728c,serA2
p.Val303Gly,Rv0517,
p.Val304Gly,Rv0291,mycP3
p.Val305Gly,Rv0106,
p.Val306Gly,Rv3494c,mce4F
p.Val308Ala,Rv0368c,
p.Val309Phe,Rv1842c,
p.Val30Ala,Rv0116c,ldtA
p.Val30Gly,Rv0788,purQ
p.Val310Gly,Rv3732,
p.Val311Gly,Rv2836c,dinF
p.Val311Gly,Rv3776,
p.Val312Gly,Rv0384c,clpB
p.Val3141Gly,Rv2048c,pks12
p.Val314Gly,Rv2024c,
p.Val315Gly,Rv1621c,cydD
p.Val316Phe,Rv1459c,
p.Val319Ala,Rv1843c,guaB1
p.Val319Ile,Rv3470c,ilvB2
p.Val31Asp,Rv1781c,malQ
p.Val31Gly,Rv0082,
p.Val31Gly,Rv3050c,
p.Val325Gly,Rv2559c,
p.Val326Met,Rv3229c,desA3
p.Val3271Gly,Rv2048c,pks12
p.Val329Gly,Rv2207,cobT
p.Val32Gly,Rv3540c,ltp2
p.Val331Gly,Rv0118c,oxcA
p.Val332Gly,Rv2439c,proB
p.Val333Gly,Rv1880c,cyp140
p.Val333Gly,Rv3410c,guaB3
p.Val334Leu,Rv1279,
p.Val335Gly,Rv1797,eccE5
p.Val339Met,Rv0551c,fadD8
p.Val33Gly,Rv1912c,fadB5
p.Val33Gly,Rv3318,sdhA
p.Val341Gly,Rv3610c,ftsH
p.Val34Gly,Rv0527,ccdA
p.Val34Gly,Rv2551c,
p.Val34Gly,Rv2923c,
p.Val350Gly,Rv2064,cobG
p.Val353Pro,Rv1625c,cya
p.Val356Gly,Rv2047c,
p.Val356Gly,Rv2320c,rocE
p.Val357Gly,Rv1133c,metE
p.Val357Gly,Rv2156c,murX
p.Val35Gly,Rv0415,thiO
p.Val35Gly,Rv2470,glbO
p.Val35Gly,Rv3658c,
p.Val360Ala,Rv1293,lysA
p.Val361Gly,Rv3244c,lpqB
p.Val364Gly,Rv2448c,valS
p.Val368Gly,Rv2501c,accA1
p.Val368Gly,Rv3881c,espB
p.Val368Met,Rv1230c,
p.Val36Gly,Rv3421c,
p.Val370Gly,Rv2501c,accA1
p.Val372Ala,Rv1672c,
p.Val376Gly,Rv1375,
p.Val376Gly,Rv3573c,fadE34
p.Val37Gly,Rv0527,ccdA
p.Val37Met,Rv0102,
p.Val381Gly,Rv0486,mshA
p.Val381Gly,Rv2247,accD6
p.Val383Gly,Rv0234c,gabD1
p.Val387Gly,Rv0002,dnaN
p.Val389Gly,Rv2247,accD6
p.Val38Ala,Rv0539,
p.Val38Gly,Rv1633,uvrB
p.Val390Gly,Rv2092c,helY
p.Val399Gly,Rv0528,
p.Val3Leu,Rv1898,
p.Val400Gly,Rv2934,ppsD
p.Val400Leu,Rv3227,aroA
p.Val405Gly,Rv0236c,aftD
p.Val415Ala,Rv1402,priA
p.Val415Ala,Rv2215,dlaT
p.Val415Gly,Rv1662,pks8
p.Val418Gly,Rv3303c,lpdA
p.Val419Leu,Rv3299c,atsB
p.Val420Gly,Rv0107c,ctpI
p.Val421Gly,Rv3627c,
p.Val422Gly,Rv3883c,mycP1
p.Val425Gly,Rv3710,leuA
p.Val435Ala,Rv3907c,pcnA
p.Val437Gly,Rv1235,lpqY
p.Val43Ala,Rv1939,
p.Val441Gly,Rv1318c,
p.Val442Phe,Rv2075c,
p.Val448_Pro451del,Rv0538,
p.Val449Ile,Rv0171,mce1C
p.Val451Gly,Rv2946c,pks1
p.Val451Ile,Rv3331,sugI
p.Val452Gly,Rv2988c,leuC
p.Val456fs,Rv2326c,
p.Val457Ala,Rv0458,
p.Val458Ala,Rv3401,
p.Val45Glu,Rv2043c,pncA
p.Val45Ile,Rv3922c,
p.Val46Gly,Rv2566,
p.Val46Gly,Rv2825c,
p.Val472fs,Rv0063,
p.Val475Gly,Rv0234c,gabD1
p.Val476Gly,Rv3800c,pks13
p.Val47Gly,Rv1022,lpqU
p.Val47Gly,Rv2474c,
p.Val47Gly,Rv3414c,sigD
p.Val48Gly,Rv2081c,
p.Val48Gly,Rv2665,
p.Val498Gly,Rv2158c,murE
p.Val49Phe,Rv0868c,moaD2
p.Val500Gly,Rv0890c,
p.Val506Gly,Rv1469,ctpD
p.Val50Gly,Rv0527,ccdA
p.Val517Leu,Rv0668,rpoC
p.Val519Gly,Rv3663c,dppD
p.Val51Gly,Rv1294,thrA
p.Val520Leu,Rv3667,acs
p.Val523Leu,Rv1835c,
p.Val526Gly,Rv3302c,glpD2
p.Val52Ile,Rv0050,ponA1
p.Val532Leu,Rv2394,ggtB
p.Val53Ala,Rv1969,mce3D
p.Val53Gly,Rv0391,metZ
p.Val53Gly,Rv0480c,
p.Val53Gly,Rv1435c,
p.Val53Gly,Rv1487,
p.Val53Gly,Rv1715,fadB3
p.Val546Ala,Rv0197,
p.Val549Gly,Rv1821,secA2
p.Val54Gly,Rv0621,
p.Val54Gly,Rv2426c,
p.Val553Gly,Rv3879c,espK
p.Val559Gly,Rv1661,pks7
p.Val55Gly,Rv1590,
p.Val55Gly,Rv3074,
p.Val55Met,Rv0677c,mmpS5
p.Val560Gly,Rv2191,
p.Val560Leu,Rv0629c,recD
p.Val567Gly,Rv0064,
p.Val567Gly,Rv0803,purL
p.Val56Gly,Rv3300c,
p.Val56Gly,Rv3821,
p.Val57Gly,Rv0480c,
p.Val57Gly,Rv2540c,aroF
p.Val580fs,Rv1355c,moeY
p.Val581Gly,Rv0648,
p.Val58Gly,Rv0921,
p.Val595Gly,Rv2343c,dnaG
p.Val595Gly,Rv3285,accA3
p.Val59Gly,Rv2117,
p.Val5Ile,Rv2996c,serA1
p.Val607Gly,Rv1402,priA
p.Val60Gly,Rv1409,ribG
p.Val616Gly,Rv1251c,
p.Val61Gly,Rv1160,mutT2
p.Val627Gly,Rv2682c,dxs1
p.Val627Ile,Rv0058,dnaB
p.Val62Gly,Rv0500,proC
p.Val630Gly,Rv3909,
p.Val632Ala,Rv1661,pks7
p.Val639Gly,Rv1819c,bacA
p.Val646Gly,Rv3014c,ligA
p.Val659Ile,Rv3296,lhr
p.Val663Ala,Rv1662,pks8
p.Val66Ala,Rv3220c,
p.Val66Gly,Rv3490,otsA
p.Val66Ile,Rv1258c,
p.Val66Leu,Rv0710,rpsQ
p.Val66Met,Rv1990c,
p.Val673Gly,Rv1384,carB
p.Val679Gly,Rv3296,lhr
p.Val67Gly,Rv0243,fadA2
p.Val67Gly,Rv2541,
p.Val67Gly,Rv3520c,
p.Val68Gly,Rv0341,iniB
p.Val68Gly,Rv2058c,rpmB2
p.Val68Leu,Rv1723,
p.Val69Ala,Rv3679,
p.Val69Gly,Rv0401,
p.Val69Gly,Rv0527,ccdA
p.Val6Gly,Rv2673,aftC
p.Val6Ile,Rv1129c,
p.Val70Gly,Rv1590,
p.Val70Met,Rv0696,
p.Val717Gly,Rv0339c,
p.Val71Gly,Rv1723,
p.Val71Gly,Rv3201c,
p.Val722Ala,Rv0202c,mmpL11
p.Val72Gly,Rv0539,
p.Val72Gly,Rv2062c,cobN
p.Val72Gly,Rv3887c,eccD2
p.Val735Met,Rv3151,nuoG
p.Val740Gly,Rv2900c,fdhF
p.Val740Ile,Rv3870,eccCa1
p.Val744Gly,Rv1664,pks9
p.Val74Ala,Rv0586,mce2R
p.Val74Gly,Rv1005c,pabB
p.Val74Gly,Rv2979c,
p.Val759Ala,Rv1937,
p.Val761Gly,Rv2531c,
p.Val762Gly,Rv0384c,clpB
p.Val776Leu,Rv0338c,
p.Val787Met,Rv3682,ponA2
p.Val78Ile,Rv2990c,
p.Val79Ala,Rv0649,fabD2
p.Val79Gly,Rv3365c,
p.Val806Gly,Rv0630c,recB
p.Val80Gly,Rv1730c,
p.Val80Gly,Rv2157c,murF
p.Val81Gly,Rv0847,lpqS
p.Val81Gly,Rv2505c,fadD35
p.Val849Gly,Rv1348,irtA
p.Val85Ala,Rv1969,mce3D
p.Val85Gly,Rv0959,
p.Val864Ile,Rv1640c,lysX
p.Val879Ala,Rv0064,
p.Val879Gly,Rv2048c,pks12
p.Val882Ala,Rv2062c,cobN
p.Val88Ile,Rv0773c,ggtA
p.Val89Ala,Rv3565,aspB
p.Val89Met,Rv3497c,mce4C
p.Val89Phe,Rv0263c,
p.Val89Phe,Rv3069,
p.Val901Gly,Rv2922c,smc
p.Val91Gly,Rv1161,narG
p.Val91Gly,Rv2403c,lppR
p.Val91Ile,Rv3065,mmr
p.Val93Gly,Rv2811,
p.Val945Ala,Rv3447c,eccC4
p.Val949Gly,Rv1661,pks7
p.Val95_Gly106del,Rv2081c,
p.Val964Gly,Rv2524c,fas
p.Val96Gly,Rv2003c,
p.Val96Gly,Rv2787,
p.Val97Gly,Rv2974c,
p.Val99Gly,Rv0650,
p.Val99Gly,Rv3578,arsB2
p.ValAla157GlyPro,Rv1122,gnd2
p.ValAla157GlyPro,Rv2280,
p.ValAla28GlyGly,Rv2002,fabG3
p.ValAla879GlyGly,Rv2048c,pks12
p.ValAlaPro101AlaAlaAla,Rv0847,lpqS
p.ValArg109IleHis,Rv0565c,
p.ValArg41GlyGly,Rv1003,
p.ValAsn80IleThr,Rv0536,galE3
p.ValIle34GlyVal,Rv2551c,
p.ValLeu104GlyVal,Rv2850c,
p.ValSer113GlyAla,Rv0612,
p.ValSerLeu422GlyGlyVal,Rv1661,pks7
p.ValVal108GlyGly,Rv0465c,
p.ValVal211GlyGly,Rv1378c,
p.ValVal30GlyGly,Rv0291,mycP3
p.ValVal341GlyGly,Rv3732,
p.ValVal51GlyGly,Rv0922,
p.ValVal52GlyGly,Rv0921,
p.ValVal60GlyGly,Rv1797,eccE5
p.ValVal62GlyGly,Rv0243,fadA2
p.ValVal711GlyGly,Rv3728,
,Rv0810c,
1849,snp,C,A,A:17 C:0
11311,snp,A,C,C:20 A:0
13629,snp,A,C,C:20 A:0
13638,snp,T,C,C:20 T:0
23751,snp,C,G,G:20 C:0
29210,del,GC,G,G:20 GC:0
29644,snp,T,G,G:20 T:0
33207,ins,G,GGC,GGC:18 G:0
34190,ins,T,TG,TG:18 T:0
49972,snp,A,C,C:20 A:0
52724,snp,G,A,A:20 G:0
52738,snp,T,C,C:20 T:0
58552,snp,A,G,G:20 A:0
66840,snp,C,T,T:20 C:0
86470,snp,T,G,G:20 T:0
87163,complex,GCGGA,TCGGG,TCGGG:19 GCGGA:0
89498,del,GC,G,G:20 GC:0
103675,snp,T,G,G:13 T:0
103678,snp,T,G,G:12 T:0
130819,snp,T,G,G:20 T:0
131237,snp,T,G,G:20 T:0
139760,snp,T,C,C:20 T:0
139937,ins,C,CT,CT:20 C:0
152232,snp,A,C,C:20 A:0
154203,snp,C,G,G:20 C:0,repeat_region,+,,,intergenic_region n.154203C>G 
168695,snp,C,G,G:20 C:0
171155,snp,T,C,C:20 T:0
177375,snp,A,G,G:20 A:0
180977,snp,A,C,C:20 A:0
230814,del,AG,A,A:19 AG:0
267794,snp,G,T,T:20 G:0
293668,snp,A,C,C:20 A:0,ncRNA,+,,,non_coding_transcript_variant  ,,F6,Putative small regulatory RNA
293704,del,CT,C,C:18 CT:0,ncRNA,+,,,non_coding_transcript_variant  ,,F6,Putative small regulatory RNA
295716,del,GTCAAAATATA,G,G:16 GTCAAAATATA:0
295716,del,GTCAAAATATA,G,G:17 GTCAAAATATA:0
295716,del,GTCAAAATATA,G,G:18 GTCAAAATATA:0
295731,snp,T,C,C:16 T:0
295731,snp,T,C,C:17 T:0
295731,snp,T,C,C:18 T:0
295731,snp,T,C,C:19 T:0
339317,snp,G,T,T:20 G:0
358124,snp,T,C,C:20 T:0
364498,ins,T,TG,TG:19 T:0
364514,snp,T,C,C:20 T:0
384513,snp,A,G,G:20 A:0
400145,complex,GTAGCGA,CAGCGGC,CAGCGGC:14 GTAGCGA:0
403180,del,TGCCAAATCGTGATCA,T,T:17 TGCCAAATCGTGATCA:0
459380,del,CTTCCACGCCGAGCAGACGAGGAATCGCACTGCGCGGACCTCACGCGTGCGA,C,C:12 CTTCCACGCCGAGCAGACGAGGAATCGCACTGCGCGGACCTCACGCGTGCGA:0
459417,snp,A,G,G:20 A:0
472711,complex,T,CTTGTGGGCC,CTTGTGGGCC:14 T:0
474905,snp,T,G,G:20 T:0
476297,snp,T,G,G:20 T:0
476307,snp,T,G,G:20 T:0
510322,snp,T,G,G:20 T:0
526087,snp,T,G,G:20 T:0
528412,del,CT,C,C:19 CT:0
528458,snp,C,T,T:20 C:0
542980,snp,A,C,C:20 A:0
557311,snp,T,G,G:20 T:0
563522,snp,G,A,A:20 G:0
565479,snp,T,G,G:20 T:0
569845,del,GGC,G,G:20 GGC:0
569901,del,GGC,G,G:20 GGC:0
569954,snp,A,C,C:11 A:0
577462,snp,C,T,T:11 C:0
610941,snp,C,T,T:20 C:0
611067,snp,A,G,G:20 A:0
625511,snp,A,C,C:20 A:0
640030,snp,C,T,T:20 C:0
671952,ins,G,GGAGCA,GGAGCA:19 G:0
671978,snp,C,A,A:20 C:0
699840,snp,A,C,C:12 A:0
704142,snp,G,A,A:20 G:0
714158,del,GT,G,G:18 GT:0
716367,snp,G,T,T:20 G:0
731693,snp,C,T,T:20 C:0
739248,snp,C,T,T:20 C:0
749940,snp,T,C,C:20 T:0
759611,snp,G,C,C:20 G:0
781435,snp,G,C,C:20 G:0
789561,snp,A,T,T:20 A:0
799586,snp,T,G,G:20 T:0
810978,ins,T,TGG,TGG:18 T:0
812887,del,AG,A,A:18 AG:0,repeat_region,+,,,intergenic_region n.812888delG 
812915,snp,G,C,C:20 G:0,repeat_region,+,,,intergenic_region n.812915G>C 
819744,snp,T,G,G:20 T:0
828974,snp,A,C,C:20 A:0
830720,snp,C,G,G:20 C:0
833522,snp,T,G,G:20 T:0
833531,snp,T,G,G:20 T:0
833548,snp,T,G,G:20 T:0
833660,snp,T,G,G:14 T:0
841925,snp,A,C,C:20 A:0
860802,snp,C,T,T:20 C:0
863244,snp,A,G,G:20 A:0,repeat_region,+,,,intergenic_region n.863244A>G 
869792,snp,T,G,G:20 T:0
876764,snp,G,C,C:20 G:0
878464,snp,C,T,T:20 C:0
879326,del,CG,C,C:18 CG:0
879326,del,CG,C,C:20 CG:0
882433,del,TGCC,T,T:19 TGCC:0
882433,del,TGCC,T,T:20 TGCC:0
882433,snp,T,C,C:20 T:0
882442,snp,T,G,G:20 T:0
888992,del,AACCTCAACACCCCCTCAAGTGAAGGAGG,A,A:10 AACCTCAACACCCCCTCAAGTGAAGGAGG:0
895789,snp,T,C,C:20 T:0
918881,complex,GGT,CGG,CGG:19 GGT:0
921855,snp,T,A,A:15 T:0,mobile_element,+,281/291,94/96,missense_variant c.281T>A p.Leu94Gln,Rv0829
924735,snp,A,G,G:20 A:0
924778,snp,C,A,A:20 C:0
931817,snp,C,T,T:20 C:0
937983,snp,C,T,T:20 C:0
938106,snp,G,A,A:20 G:0
944852,snp,A,C,C:20 A:0
965896,snp,A,G,G:20 A:0
968419,snp,A,G,G:19 A:0
978257,snp,A,C,C:20 A:0
997728,snp,C,T,T:20 C:0
1000788,snp,G,A,A:20 G:0
1015344,ins,G,GGT,GGT:18 G:0
1019978,ins,C,CA,CA:20 C:0
1026916,ins,C,CGG,CGG:19 C:0
1026965,snp,T,G,G:20 T:0
1031886,del,CCTCCG,C,C:18 CCTCCG:0
1041254,snp,C,A,A:20 C:0
1057107,snp,T,G,G:20 T:0
1057212,snp,T,C,C:20 T:0
1064100,ins,T,TGC,TGC:19 T:1
1073277,snp,G,A,A:20 G:0
1081735,ins,G,GT,GT:19 G:0
1081765,snp,C,G,G:20 C:0
1096567,snp,A,G,G:12 A:0
1096633,snp,T,G,G:24 T:0
1136485,snp,G,C,C:20 G:0
1159161,del,GCCCA,G,G:18 GCCCA:0,mobile_element,-,146/390,48/129,frameshift_variant c.143_146delTGGG p.Val48fs
1165656,snp,C,T,T:17 C:0
1169310,snp,G,A,A:16 G:0,mobile_element,+,,,intergenic_region n.1169310G>A 
1170689,snp,A,G,G:13 A:0,mobile_element,+,,,intergenic_region n.1170689A>G 
1174748,snp,C,G,G:20 C:0
1179069,snp,G,A,A:20 G:0
1190472,snp,C,T,T:60 C:0
1196160,snp,G,A,A:20 G:0
1196161,snp,G,C,C:20 G:0
1200490,ins,T,TA,TA:19 T:0
1205856,snp,C,G,G:20 C:0
1205869,snp,C,T,T:20 C:0
1216069,snp,C,T,T:20 C:0
1219227,snp,A,C,C:20 A:0
1227583,snp,T,G,G:20 T:0
1252252,snp,G,C,C:20 G:0,repeat_region,+,721/1356,241/451,missense_variant c.721C>G p.Pro241Ala
1252632,snp,G,T,T:20 G:0,repeat_region,+,341/1356,114/451,missense_variant c.341C>A p.Thr114Asn
1262190,snp,T,C,C:20 T:0
1269103,snp,C,G,G:20 C:0
1281932,snp,T,G,G:20 T:0
1296065,snp,C,G,G:20 C:0
1300271,ins,A,AT,AT:19 A:0
1302917,ins,G,GA,GA:19 G:0
1340578,snp,T,C,C:10 T:0,ncRNA,+,,,non_coding_transcript_variant  ,,ncrMT1234,Fragment of putative small regulatory RNA
1340578,snp,T,C,C:11 T:0,ncRNA,+,,,non_coding_transcript_variant  ,,ncrMT1234,Fragment of putative small regulatory RNA
1342902,snp,T,G,G:20 T:0
1354191,snp,G,A,A:20 G:0
1357688,snp,T,G,G:20 T:0
1359456,snp,T,G,G:20 T:0
1365232,snp,T,C,C:20 T:0
1365318,snp,T,C,C:20 T:0,ncRNA,+,,,non_coding_transcript_variant  ,,mpr6,Fragment of putative small regulatory RNA
1370851,del,GT,G,G:20 GT:0
1371620,snp,A,C,C:20 A:0
1371622,snp,G,A,A:20 G:0
1413101,del,TACACATGG,T,T:19 TACACATGG:0,ncRNA,-,,,non_coding_transcript_variant  ,,mcr11,Putative small regulatory RNA
1417606,snp,T,G,G:20 T:0
1437160,snp,C,A,A:20 C:0
1441345,snp,C,T,T:20 C:0
1459556,snp,G,A,A:20 G:0
1469631,snp,A,G,G:18 A:0,mobile_element,-,,,intergenic_region n.1469631A>G 
1472362,snp,C,T,T:20 C:0,rRNA,+,,,non_coding_transcript_variant  ,,rrs,Ribosomal RNA 16S
1473167,snp,T,G,G:20 T:0,rRNA,+,,,non_coding_transcript_variant  ,,rrs,Ribosomal RNA 16S
1473247,snp,C,A,A:20 C:0,rRNA,+,,,non_coding_transcript_variant  ,,rrs,Ribosomal RNA 16S
1474041,snp,T,G,G:20 T:0,rRNA,+,,,non_coding_transcript_variant  ,,rrl,Ribosomal RNA 23S
1475509,snp,C,A,A:20 C:0,rRNA,+,,,non_coding_transcript_variant  ,,rrl,Ribosomal RNA 23S
1476262,snp,G,C,C:20 G:0,rRNA,+,,,non_coding_transcript_variant  ,,rrl,Ribosomal RNA 23S
1487072,snp,A,G,G:20 A:0
1488076,snp,G,C,C:20 G:0
1488109,snp,A,C,C:20 A:0
1488119,complex,GTTTA,TTTTG,TTTTG:20 GTTTA:0
1494427,snp,G,C,C:20 G:0
1507558,snp,G,A,A:20 G:0,repeat_region,+,,,intergenic_region n.1507558G>A 
1519164,snp,C,T,T:20 C:0
1531076,snp,C,T,T:20 C:0
1540814,snp,C,T,T:20 C:0
1547702,snp,G,A,A:20 G:0
1563632,snp,C,T,T:20 C:0
1568075,snp,A,G,G:20 A:0
1576841,snp,T,C,C:40 T:0
1593331,snp,G,A,A:40 G:0
1611311,ins,T,TA,TA:20 T:0
1612624,ins,T,TATCGGTACCGGTGCGCCAGGG,TATCGGTACCGGTGCGCCAGGG:23 T:1,repeat_region,-,326/609,109/202,disruptive_inframe_insertion c.306_326dupCCCTGGCGCACCGGTACCGAT p.Ile109_Pro110insProGlyAlaProValProIle,Rv1435c
1613035,snp,T,C,C:40 T:0
1623280,snp,A,C,C:20 A:0
1628083,snp,G,C,C:20 G:0
1634633,complex,ACCT,TCCA,TCCA:12 ACCT:0,repeat_region,-,,,intergenic_region n.1634633_1634636delACCTinsTCCA 
1634762,snp,C,T,T:13 C:0,repeat_region,-,,,intergenic_region n.1634762C>T 
1637174,complex,TCCGG,CCCGC,CCCGC:13 TCCGG:0,repeat_region,-,1056/2226,351/741,missense_variant c.1052_1056delCCGGAinsGCGGG p.Ala351Gly
1637196,complex,GTCCCGCCAACCCCACCGG,ATACCGCCGT,ATACCGCCGT:19 GTCCCGCCAACCCCACCGG:0,repeat_region,-,1034/2226,339/741,missense_variant&disruptive_inframe_deletion c.1016_1034delCCGGTGGGGTTGGCGGGACinsACGGCGGTAT p.Ala339_Thr345delinsAspGlyGlyIle
1637223,snp,G,C,C:16 G:0,repeat_region,-,1007/2226,336/741,missense_variant c.1007C>G p.Ala336Gly
1638235,complex,TCCA,ACCT,ACCT:20 TCCA:0,repeat_region,-,,,intergenic_region n.1638235_1638238delTCCAinsACCT 
1638235,complex,TCCA,ACCT,ACCT:32 TCCA:0,repeat_region,-,,,intergenic_region n.1638235_1638238delTCCAinsACCT 
1638364,snp,C,T,T:18 C:1,repeat_region,-,,,intergenic_region n.1638364C>T 
1638364,snp,C,T,T:23 C:0,repeat_region,-,,,intergenic_region n.1638364C>T 
1673406,snp,C,T,T:20 C:0
1690069,snp,C,G,G:20 C:0
1698054,snp,C,G,G:20 C:0
1703068,snp,A,G,G:20 A:0
1775306,del,CCATG,C,C:18 CCATG:0
1806032,snp,G,C,C:20 G:0
1806121,snp,C,T,T:20 C:0
1836366,snp,A,C,C:20 A:0
1852176,del,CT,C,C:18 CT:0
1856717,ins,C,CA,CA:20 C:0
1874069,snp,G,T,T:20 G:0
1891101,del,CA,C,C:19 CA:0
1895681,snp,G,T,T:20 G:0
1898241,ins,G,GA,GA:19 G:0
1927869,complex,TTGGC,GTGGG,GTGGG:19 TTGGC:0,repeat_region,+,707/1365,235/454,missense_variant c.703_707delGCCAAinsCCCAC p.AlaAsn235ProThr
1927869,snp,T,G,G:20 T:0,repeat_region,+,707/1365,236/454,missense_variant c.707A>C p.Asn236Thr
1928213,snp,T,G,G:20 T:0,repeat_region,+,363/1365,121/454,missense_variant c.363A>C p.Gln121His
1928568,snp,G,A,A:20 G:0,repeat_region,+,8/1365,3/454,missense_variant c.8C>T p.Ser3Leu
1934026,snp,C,A,A:20 C:0
1934254,snp,C,T,T:20 C:0
1941734,snp,T,G,G:20 T:0
1946913,snp,C,T,T:20 C:0
1950596,snp,G,T,T:20 G:0
1951845,snp,A,G,G:20 A:0
1952291,snp,T,G,G:20 T:0,ncRNA,-,440/1386,147/461,missense_variant c.440T>G p.Val147Gly,,AS1726,Putative small regulatory RNA
1952464,snp,A,C,C:20 A:0,ncRNA,-,613/1386,205/461,missense_variant c.613A>C p.Thr205Pro,,AS1726,Putative small regulatory RNA
1960667,snp,A,G,G:20 A:0,ncRNA,+,,,non_coding_transcript_variant  ,,MTS1338,Putative small regulatory RNA
1970711,snp,T,G,G:20 T:0
1970848,snp,T,G,G:20 T:0
1998780,snp,C,T,T:13 C:0,mobile_element,-,,,intergenic_region n.1998780C>T 
2000495,snp,G,A,A:20 G:0
2007813,snp,A,G,G:20 A:0
2014574,snp,C,A,A:20 C:0
2014677,snp,T,G,G:20 T:0
2029506,snp,A,G,G:20 A:0
2038672,snp,T,C,C:10 T:0
2039092,snp,G,C,C:20 G:0
2049817,snp,T,G,G:20 T:0
2051264,snp,T,G,G:20 T:0
2056288,snp,A,G,G:20 A:0
2059587,snp,C,T,T:20 C:0
2062802,snp,T,C,C:20 T:0
2092230,del,TCG,T,T:20 TCG:0
2096169,snp,G,C,C:20 G:0
2104140,snp,A,G,G:20 A:0
2115685,snp,T,G,G:20 T:0
2138415,snp,G,A,A:20 G:0
2139648,snp,A,C,C:20 A:0,ncRNA,+,40/612,14/203,missense_variant c.40T>G p.Ser14Ala,,AS1890,Putative small regulatory RNA
2142184,snp,A,C,C:20 A:0
2150780,snp,T,A,A:20 T:0
2160461,snp,C,T,T:20 C:0
2167474,snp,C,G,G:20 C:0
2167482,snp,A,T,T:20 A:0
2167639,snp,T,G,G:20 T:0
2187314,snp,T,C,C:20 T:0
2187315,snp,G,A,A:20 G:0
2196715,snp,G,C,C:15 G:0,repeat_region,+,727/1365,243/454,missense_variant c.727G>C p.Val243Leu,Rv1945
2196943,snp,G,A,A:14 G:0,repeat_region,+,955/1365,319/454,missense_variant c.955G>A p.Asp319Asn,Rv1945
2197313,snp,A,C,C:18 A:0,repeat_region,+,1325/1365,442/454,missense_variant c.1325A>C p.Glu442Ala,Rv1945
2206817,snp,T,C,C:20 T:0
2206826,snp,A,C,C:20 A:0
2207554,snp,G,A,A:20 G:0
2219678,snp,G,A,A:20 G:0
2223177,snp,G,T,T:20 G:0
2225400,del,AC,A,A:19 AC:0
2228657,snp,A,G,G:20 A:0
2230763,snp,A,G,G:20 A:0
2230944,snp,C,A,A:20 C:0
2234247,del,CG,C,C:19 CG:0
2238918,snp,T,C,C:20 T:0
2247608,snp,G,T,T:20 G:0
2248557,complex,TGGTG,A,A:19 TGGTG:0
2261695,snp,G,A,A:20 G:0
2271808,snp,T,G,G:20 T:0
2307155,snp,T,C,C:20 T:0
2310757,snp,A,C,C:20 A:0
2310899,snp,G,C,C:20 G:0
2317123,snp,A,G,G:20 A:0
2317134,snp,T,C,C:20 T:0
2317147,snp,A,T,T:20 A:0
2332946,snp,G,A,A:20 G:0
2344246,snp,G,C,C:10 G:0,mobile_element,+,,,intergenic_region n.2344246G>C 
2367060,del,TA,T,T:19 TA:0
2381056,snp,A,C,C:20 A:0
2388248,snp,T,C,C:20 T:0
2388255,snp,A,C,C:20 A:0
2388259,complex,AT,CC,CC:20 AT:0
2388260,snp,T,C,C:20 T:0
2401727,snp,A,C,C:16 A:0
2401750,snp,T,G,G:15 T:0
2401825,snp,T,C,C:20 T:0
2402123,snp,T,G,G:20 T:0
2406079,snp,A,C,C:20 A:0
2432178,complex,GTC,TTT,TTT:20 GTC:0
2432188,snp,G,T,T:20 G:0
2434719,snp,A,C,C:20 A:0
2452083,snp,T,C,C:20 T:0
2453405,snp,T,C,C:20 T:0
2453657,del,GCC,G,G:19 GCC:0
2466996,snp,C,G,G:20 C:0
2467005,snp,T,G,G:20 T:0
2471383,snp,G,A,A:20 G:0
2498768,snp,A,G,G:20 A:0
2531964,snp,C,G,G:13 C:0,repeat_region,-,,,intergenic_region n.2531964C>G 
2532123,snp,G,C,C:11 G:0,repeat_region,-,,,intergenic_region n.2532123G>C 
2532176,snp,C,G,G:10 C:0,repeat_region,-,,,intergenic_region n.2532176C>G 
2532176,snp,C,G,G:11 C:0,repeat_region,-,,,intergenic_region n.2532176C>G 
2541414,snp,T,G,G:20 T:0
2573793,snp,A,C,C:20 A:0
2583011,snp,T,G,G:20 T:0
2600575,snp,A,G,G:20 A:0
2608527,snp,T,C,C:20 T:0
2623769,snp,A,G,G:20 A:0
2623778,snp,G,A,A:20 G:0
2625859,snp,A,T,T:18 A:0
2634271,snp,C,T,T:20 C:0
2634282,snp,T,G,G:13 T:0
2636929,ins,T,TCACTCCGGCGG,TCACTCCGGCGG:14 T:0,repeat_region,-,,,intergenic_region n.2636929_2636930insCACTCCGGCGG 
2637162,snp,C,T,T:11 C:0
2651984,snp,C,G,G:20 C:0
2651997,snp,T,G,G:20 T:0
2667253,snp,T,G,G:20 T:0
2680658,complex,TGCTC,GGCTA,GGCTA:19 TGCTC:0
2684444,snp,A,C,C:20 A:0
2690036,snp,G,C,C:20 G:0
2692476,snp,T,G,G:20 T:0,ncRNA,+,,,non_coding_transcript_variant  ,,mcr7,Putative small regulatory RNA
2698331,snp,A,C,C:20 A:0
2703902,ins,C,CG,CG:14 C:0
2715346,snp,G,A,A:20 G:0
2718852,complex,TT,GA,GA:19 TT:0
2726141,snp,C,T,T:20 C:0
2740424,snp,A,G,G:20 A:0
2740428,snp,G,A,A:20 G:0
2740436,snp,T,G,G:20 T:0
2759745,snp,C,A,A:20 C:0
2762491,complex,ACCA,CCCC,CCCC:19 ACCA:0
2768194,snp,G,C,C:20 G:0
2768205,snp,G,A,A:20 G:0
2794053,snp,G,T,T:20 G:0
2794062,snp,G,A,A:20 G:0
2800673,snp,G,C,C:20 G:0,repeat_region,+,208/3414,70/1137,missense_variant c.208C>G p.Leu70Val
2806343,snp,G,A,A:20 G:0
2806522,snp,G,A,A:20 G:0,repeat_region,+,,,intergenic_region n.2806522G>A 
2806632,snp,G,A,A:20 G:0
2819929,del,GC,G,G:20 GC:0
2828050,snp,A,C,C:20 A:0
2832701,snp,C,T,T:20 C:0
2833844,del,AT,A,A:19 AT:0
2864918,snp,C,G,G:20 C:0
2865042,snp,T,G,G:20 T:0
2865104,snp,A,C,C:20 A:0
2894482,snp,A,C,C:20 A:0
2900708,snp,G,C,C:20 G:0
2927937,complex,ATT,GTC,GTC:20 ATT:0
2949548,snp,C,A,A:20 C:0
2952536,snp,T,C,C:20 T:0
2955545,snp,T,G,G:20 T:0
2969089,del,TGGTC,T,T:19 TGGTC:0
2975903,snp,C,T,T:20 C:0
2980911,snp,G,T,T:20 G:0
2999988,del,AC,A,A:19 AC:0
3007146,snp,G,C,C:20 G:0,repeat_region,-,,,intergenic_region n.3007146G>C 
3007152,ins,T,TC,TC:19 T:0,repeat_region,-,,,intergenic_region n.3007152_3007153insC 
3013630,snp,T,C,C:20 T:0,repeat_region,-,,,intergenic_region n.3013630T>C 
3015054,del,GC,G,G:18 GC:0
3023502,snp,G,A,A:20 G:0
3046665,snp,T,G,G:20 T:0
3053737,snp,C,T,T:20 C:0
3067948,snp,C,T,T:20 C:0
3067954,snp,C,T,T:20 C:0
3067995,snp,T,G,G:20 T:0
3068023,snp,G,A,A:20 G:0
3068024,snp,T,G,G:20 T:0
3068031,snp,T,G,G:20 T:0
3092820,snp,T,C,C:20 T:0
3115039,snp,G,A,A:20 G:0
3119408,snp,T,C,C:20 T:0,repeat_region,-,,,intergenic_region n.3119408T>C 
3119447,del,TGCTGC,T,T:10 TGCTGC:0,repeat_region,-,,,intergenic_region n.3119448_3119452delGCTGC 
3119457,complex,CCCGCACCCG,GATAGAAGCCGGAAAGCTCC,GATAGAAGCCGGAAAGCTCC:10 CCCGCACCCG:0,repeat_region,-,,,intergenic_region n.3119457_3119466delCCCGCACCCGinsGATAGAAGCCGGAAAGCTCC 
3119470,del,CGATTCTG,C,C:10 CGATTCTG:0,repeat_region,-,,,intergenic_region n.3119471_3119477delGATTCTG 
3119482,complex,CA,AG,AG:10 CA:0,repeat_region,-,,,intergenic_region n.3119482_3119483delCAinsAG 
3119528,complex,TCGC,AAGCCGGAAA,AAGCCGGAAA:12 TCGC:0,repeat_region,-,,,intergenic_region n.3119528_3119531delTCGCinsAAGCCGGAAA 
3119536,complex,GTCCATGTCCCACCATGAG,CGTGCCGTCA,CGTGCCGTCA:12 GTCCATGTCCCACCATGAG:0,repeat_region,-,,,intergenic_region n.3119536_3119554delGTCCATGTCCCACCATGAGinsCGTGCCGTCA 
3135606,snp,A,G,G:21 A:0
3135692,snp,T,G,G:20 T:0
3155957,complex,GGA,CGGAG,CGGAG:18 GGA:0,repeat_region,-,,,intergenic_region n.3155957_3155959delGGAinsCGGAG 
3155965,complex,CGCC,TGCA,TGCA:18 CGCC:0,repeat_region,-,,,intergenic_region n.3155965_3155968delCGCCinsTGCA 
3155985,ins,A,AG,AG:18 A:0,repeat_region,-,,,intergenic_region n.3155985_3155986insG 
3184674,snp,A,C,C:20 A:0
3215622,del,CG,C,C:18 CG:0
3232835,snp,C,A,A:12 C:0
3239508,complex,CG,TCCCCCGCAAGCGGGAGGTGCCCCCA,TCCCCCGCAAGCGGGAGGTGCCCCCA:12 CG:0
3239704,snp,C,T,T:20 C:0
3242079,snp,G,T,T:20 G:0
3288208,snp,C,A,A:20 C:0
3291395,snp,A,G,G:20 A:0
3302953,snp,C,G,G:20 C:0
3317569,del,CGGCT,C,C:12 CGGCT:0
3317578,snp,C,G,G:12 C:0
3317590,snp,C,T,T:12 C:0
3317612,snp,T,C,C:20 T:0
3331864,snp,T,C,C:20 T:0
3336528,snp,T,A,A:10 T:0
3336528,snp,T,A,A:12 T:0
3336546,snp,T,G,G:11 T:0
3336605,snp,T,G,G:17 T:0
3336620,del,TA,T,T:11 TA:0
3336620,del,TA,T,T:13 TA:0
3336620,del,TA,T,T:14 TA:1
3336620,del,TA,T,T:15 TA:1
3336620,del,TA,T,T:16 TA:1
3336679,del,TA,T,T:11 TA:0
3336782,snp,T,G,G:12 T:0
3336782,snp,T,G,G:19 T:1
3351141,complex,ATCAGACCCTGCC,GGGCCCGGCT,GGGCCCGGCT:17 ATCAGACCCTGCC:0
3355075,snp,T,A,A:20 T:0
3356655,snp,T,G,G:20 T:0
3357508,snp,A,G,G:20 A:0
3369909,snp,C,G,G:20 C:0
3369915,snp,A,G,G:20 A:0
3369923,snp,C,G,G:20 C:0
3387052,snp,T,C,C:20 T:0
3415012,snp,T,C,C:20 T:0
3415310,snp,C,T,T:20 C:0
3430358,ins,C,CATGTACAA,CATGTACAA:18 C:0
3430358,ins,C,CATGTACAA,CATGTACAA:18 C:1
3433684,snp,A,T,T:20 A:0
3458089,snp,A,C,C:20 A:0
3458109,snp,T,G,G:20 T:0
3481336,complex,A,CG,CG:16 A:0
3487826,snp,A,C,C:20 A:0
3490438,snp,C,G,G:20 C:0
3494266,snp,C,A,A:20 C:0
3505300,snp,C,T,T:20 C:0
3505324,ins,A,AG,AG:19 A:0
3556805,snp,G,A,A:20 G:0
3557451,snp,T,G,G:20 T:0,mobile_element,-,895/1035,299/344,missense_variant c.895A>C p.Ser299Arg,Rv3191c
3558767,snp,T,G,G:20 T:0
3568892,ins,A,AT,AT:19 A:0
3571217,snp,C,T,T:20 C:0
3572564,snp,A,C,C:20 A:0
3584886,snp,A,C,C:20 A:0
3584899,snp,T,C,C:20 T:0
3585000,snp,A,C,C:20 A:0
3586040,ins,G,GC,GC:18 G:0
3586040,ins,G,GC,GC:20 G:0
3595576,snp,C,A,A:20 C:0
3639313,snp,C,T,T:20 C:0
3640362,ins,C,CCGCGAAATGACACTGATGTG,CCGCGAAATGACACTGATGTG:13 C:0
3644849,snp,T,G,G:20 T:0
3649401,snp,C,T,T:20 C:0
3700333,ins,G,GC,GC:18 G:0
3701033,snp,A,C,C:20 A:0
3704061,snp,G,T,T:20 G:0
3742991,del,AG,A,A:18 AG:0
3742991,del,AG,A,A:19 AG:0
3742991,ins,A,AG,AG:18 A:0
3754495,snp,T,C,C:20 T:0,mobile_element,-,539/741,180/246,missense_variant c.539A>G p.Asp180Gly,Rv3349c
3754589,snp,T,C,C:20 T:0,mobile_element,-,445/741,149/246,missense_variant c.445A>G p.Thr149Ala,Rv3349c
3754675,snp,T,G,G:20 T:0,mobile_element,-,359/741,120/246,missense_variant c.359A>C p.His120Pro,Rv3349c
3755895,snp,A,G,G:20 A:0
3798567,snp,T,C,C:20 T:0
3798772,snp,G,A,A:20 G:0
3798897,snp,C,T,T:20 C:0
3799168,snp,C,T,T:20 C:0
3820407,snp,A,G,G:15 A:0
3820407,snp,A,G,G:17 A:0
3820429,snp,G,A,A:20 G:0
3820486,snp,G,A,A:19 G:0
3820502,complex,CAGCCTG,GGCTT,GGCTT:17 CAGCCTG:0
3822005,snp,G,A,A:20 G:0
3822042,ins,A,AC,AC:19 A:0
3841506,complex,TGGT,GGGG,GGGG:16 TGGT:0
3841662,complex,TC,CT,CT:22 TC:0
3841662,complex,TC,CT,CT:39 TC:0
3843776,snp,A,G,G:19 A:0
3846067,snp,A,C,C:20 A:0
3846791,snp,A,G,G:21 A:0
3862443,complex,TC,GG,GG:19 TC:0
3862472,del,GA,G,G:39 GA:0
3874206,snp,G,A,A:20 G:0
3880175,snp,C,A,A:12 C:0
3893867,snp,C,G,G:20 C:0
3893877,snp,G,A,A:20 G:0
3894413,snp,A,C,C:19 A:0
3895727,snp,C,A,A:17 C:0
3907612,snp,A,C,C:20 A:0
3907618,snp,A,C,C:20 A:0
3936812,snp,A,C,C:18 A:0
3945519,snp,C,T,T:11 C:0,repeat_region,-,230/657,77/218,missense_variant c.230G>A p.Gly77Asp,Rv3513c,fadD18
3956308,snp,C,A,A:20 C:0
3985529,snp,G,T,T:20 G:0
3987354,snp,G,A,A:20 G:0
3991554,snp,A,C,C:20 A:0
4012351,snp,G,T,T:20 G:0
4029800,snp,A,C,C:20 A:0
4047621,snp,C,T,T:20 C:0
4053046,snp,C,A,A:11 C:0,repeat_region,-,97/654,33/217,missense_variant c.97C>A p.Gln33Lys
4053494,snp,A,G,G:13 A:0,repeat_region,-,545/654,182/217,missense_variant c.545A>G p.Asn182Ser
4059904,snp,A,G,G:15 A:0
4062437,snp,A,C,C:20 A:0
4073623,snp,A,C,C:20 A:0
4075422,snp,T,C,C:20 T:0
4076200,snp,G,T,T:20 G:0,mobile_element,+,,,intergenic_region n.4076200G>T 
4078489,snp,T,G,G:20 T:0
4081513,snp,T,G,G:20 T:0
4087286,ins,G,GC,GC:20 G:0
4091562,snp,T,C,C:20 T:0
4094541,snp,C,G,G:11 C:0
4094541,snp,C,G,G:15 C:0
4094541,snp,C,G,G:17 C:0
4094559,snp,A,G,G:13 A:0
4094559,snp,A,G,G:18 A:0
4094559,snp,A,G,G:19 A:0
4094569,snp,G,C,C:20 G:0
4094574,snp,T,G,G:20 T:0
4101200,snp,T,G,G:20 T:0
4107120,snp,T,C,C:20 T:0
4110769,snp,G,T,T:20 G:0
4117194,snp,A,G,G:20 A:0
4120983,snp,A,G,G:15 A:0
4120983,snp,A,G,G:16 A:0
4121112,snp,C,A,A:12 C:0
4121184,snp,C,T,T:20 C:0
4121674,snp,T,G,G:20 T:0
4126514,del,GGT,G,G:19 GGT:0
4129162,snp,G,A,A:20 G:0
4134632,complex,CACCA,TACCG,TACCG:19 CACCA:0,repeat_region,+,,,intergenic_region n.4134632_4134636delCACCAinsTACCG 
4156793,snp,A,C,C:20 A:0
4156806,snp,C,G,G:13 C:1
4156858,snp,A,G,G:20 A:0
4156867,snp,A,C,C:20 A:0
4162297,snp,C,T,T:20 C:0
4171244,snp,G,T,T:20 G:0
4190584,del,AC,A,A:18 AC:0
4193344,snp,G,T,T:20 G:0
4209045,snp,G,C,C:20 G:0
4212290,snp,T,C,C:20 T:0
4215793,snp,A,C,C:20 A:0
4243190,snp,G,C,C:20 G:0
4243217,snp,C,A,A:20 C:0
4243225,snp,C,A,A:20 C:0
4251064,snp,C,A,A:20 C:0
4274783,snp,A,G,G:20 A:0
4285912,snp,A,T,T:20 A:0
4306837,snp,G,T,T:20 G:0
4316792,snp,A,G,G:20 A:0
4319930,del,TAC,T,T:18 TAC:0
4323354,ins,C,CG,CG:18 C:0
4323354,ins,C,CG,CG:19 C:0
4323415,snp,G,A,A:20 G:0
4327501,snp,G,T,T:20 G:0
4336233,snp,A,C,C:20 A:0
4336431,snp,G,C,C:20 G:0
4338563,snp,C,A,A:20 C:0
4338793,snp,G,T,T:20 G:0
4340178,del,AC,A,A:20 AC:0
4356686,snp,T,G,G:20 T:0
4384004,complex,ATCC,GTCG,GTCG:19 ATCC:0
4384127,snp,A,G,G:20 A:0
4391084,snp,A,C,C:20 A:0
4403122,snp,G,A,A:20 G:0
4408944,ins,C,CCTGCCCGG,CCTGCCCGG:18 C:0
4411093,snp,G,A,A:20 G:0
4411285,snp,C,A,A:21 C:0
