2715342,snp,C,T,T:20 C:0;62;0;0.117
2715344,snp,G,A,A:20 G:0;114;0;0.188
2726145,snp,G,A,A:20 G:0;20;0;0.08
3895727,snp,C,A,A:21 C:0;20;0;0.096
4087495,snp,A,G,G:20 A:0;25;0;0.291
4216783,snp,A,C,C:20 A:0;155;0;0.287
4243190,snp,G,C,C:20 G:0;21;0;0.05
4243217,snp,C,G,G:20 C:0;25;0;0.1
4243217,snp,C,T,T:20 C:0;33;0;0.145
4327480,snp,A,G,G:20 A:0;95;0;0.066
p.Ala5Val,Rv2670c,;189;0;0.139
p.Ala90Val,Rv0006,gyrA;153;0;0.387
p.Asp328Tyr,Rv3795,embB;7;0;0.045
p.Asp354Ala,Rv3795,embB;125;0;0.773
p.Asp435Tyr,Rv0667,rpoB;29;0;0.134
p.Asp435Val,Rv0667,rpoB;75;0;0.273
p.Asp62Ala,Rv0095c,;10;0;0.054
p.Gln497Arg,Rv3795,embB;115;0;0.68
p.Gln497Lys,Rv3795,embB;23;0;0.18
p.Glu103Gly,Rv1447c,zwf2;268;0;0.38
p.Glu346*,Rv1279,;268;0;0.107
p.Gly406Ala,Rv3795,embB;42;0;0.261
p.Gly406Asp,Rv3795,embB;28;0;0.121
p.Gly406Ser,Rv3795,embB;15;0;0.132
p.Gly78fs,Rv2333c,stp;111;0;0.087
p.His1002Arg,Rv3795,embB;9;0;0.064
p.His445Asp,Rv0667,rpoB;53;0;0.13
p.His445Tyr,Rv0667,rpoB;23;0;0.167
p.Ile194Thr,Rv1484,inhA;47;0;0.08
p.Lys374fs,Rv0272c,;268;0;0.089
p.Met306Ile,Rv3795,embB;331;0;1.552
p.Met306Leu,Rv3795,embB;15;0;0.135
p.Met306Val,Rv3795,embB;524;0;2.0
p.Ser91Pro,Rv0006,gyrA;30;0;0.067
p.Ser94Ala,Rv1484,inhA;32;0;0.121
p.Val483Gly,Rv0668,rpoC;90;0;0.236
