2715342,snp,C,T,T:20 C:0
2715344,snp,G,A,A:20 G:0
2726145,snp,G,A,A:20 G:0
3895727,snp,C,A,A:21 C:0
4087495,snp,A,G,G:20 A:0
4216783,snp,A,C,C:20 A:0
4243190,snp,G,C,C:20 G:0
4243217,snp,C,G,G:20 C:0
4243217,snp,C,T,T:20 C:0
4327480,snp,A,G,G:20 A:0
p.Ala5Val,Rv2670c,
p.Ala90Val,Rv0006,gyrA
p.Asp328Tyr,Rv3795,embB
p.Asp354Ala,Rv3795,embB
p.Asp435Tyr,Rv0667,rpoB
p.Asp435Val,Rv0667,rpoB
p.Asp62Ala,Rv0095c,
p.Gln497Arg,Rv3795,embB
p.Gln497Lys,Rv3795,embB
p.Glu103Gly,Rv1447c,zwf2
p.Glu346*,Rv1279,
p.Gly406Ala,Rv3795,embB
p.Gly406Asp,Rv3795,embB
p.Gly406Ser,Rv3795,embB
p.Gly78fs,Rv2333c,stp
p.His1002Arg,Rv3795,embB
p.His445Asp,Rv0667,rpoB
p.His445Tyr,Rv0667,rpoB
p.Ile194Thr,Rv1484,inhA
p.Lys374fs,Rv0272c,
p.Met306Ile,Rv3795,embB
p.Met306Leu,Rv3795,embB
p.Met306Val,Rv3795,embB
p.Ser91Pro,Rv0006,gyrA
p.Ser94Ala,Rv1484,inhA
p.Val483Gly,Rv0668,rpoC
