1673423,snp,G,T,T:20 G:0
1673432,snp,T,A,A:20 T:0
2289252,snp,T,C,C:20 T:0
2715344,snp,G,A,A:20 G:0
2726112,snp,C,T,T:20 C:0
2726121,snp,C,T,T:20 C:0
2726136,snp,C,T,T:20 C:0
2726141,snp,C,A,A:20 C:0
2726142,snp,G,A,A:20 G:0
3754508,snp,G,C,C:13 G:0,mobile_element,-,526/741,176/246,missense_variant c.526C>G p.Leu176Val,Rv3349c
4243217,snp,C,G,G:20 C:0
4243217,snp,C,T,T:20 C:0
p.Ala23del,Rv2867c,
p.Ala336Asp,Rv2467,pepN
p.Ala433Asp,Rv0777,purB
p.Asn138His,Rv1908c,katG
p.Asp435Tyr,Rv0667,rpoB
p.Gln497Arg,Rv3795,embB
p.Gly124fs,Rv1908c,katG
p.Gly406Ala,Rv3795,embB
p.His1002Arg,Rv3795,embB
p.His445Arg,Rv0667,rpoB
p.His445Asp,Rv0667,rpoB
p.His445Leu,Rv0667,rpoB
p.His445Tyr,Rv0667,rpoB
p.Ile194Thr,Rv1484,inhA
p.Ile21Thr,Rv1484,inhA
p.Ile21Val,Rv1484,inhA
p.Ile43Ser,Rv2447c,folC
p.Ile491Val,Rv0668,rpoC
p.Leu731Pro,Rv0667,rpoB
p.Pro251Ala,Rv1484,inhA
p.Pro255Arg,Rv1300,hemK
p.Ser315Asn,Rv1908c,katG
p.Ser315Gly,Rv1908c,katG
p.Ser315Thr,Rv1908c,katG
p.Ser450Trp,Rv0667,rpoB
p.Ser94Ala,Rv1484,inhA
p.Thr131Pro,Rv1129c,
p.Trp191Arg,Rv1908c,katG
p.Trp191Gly,Rv1908c,katG
p.Tyr98Cys,Rv1908c,katG
p.Val1252Leu,Rv0668,rpoC
p.Val170Phe,Rv0667,rpoB
p.Val483Gly,Rv0668,rpoC
