1075279,snp,T,C,C:83 T:0
1471659,snp,C,T,T:20 C:0,ncRNA,+,,,non_coding_transcript_variant  ,,mcr3,Putative small regulatory RNA
1473246,snp,A,G,G:20 A:0,rRNA,+,,,non_coding_transcript_variant  ,,rrs,Ribosomal RNA 16S
149323,snp,C,T,T:20 C:0
1673425,snp,C,T,T:20 C:0
2265059,snp,T,G,G:20 T:0
2726145,snp,G,A,A:20 G:0
503354,snp,G,C,C:20 G:0
699840,snp,A,C,C:20 A:0
80616,snp,C,G,G:20 C:0
p.Ala147Thr,Rv2716,
p.Ala16Thr,Rv0168,yrbE1B
p.Ala17Thr,Rv3838c,pheA
p.Ala23del,Rv2867c,
p.Ala63Thr,Rv1588c,
p.Ala90Val,Rv0006,gyrA
p.Ala96Thr,Rv2082,
p.AlaGln91ValGly,Rv0095c,
p.Arg262Gly,Rv2936,drrA
p.Arg81His,Rv3359,
p.Arg906Pro,Rv0064,
p.Asn348Asp,Rv0393,
p.Glu185Lys,Rv1123c,bpoB
p.Glu303Gln,Rv0996,
p.Glu6Gly,Rv2078,
p.Gly234Arg,Rv0773c,ggtA
p.His2147Gln,Rv2048c,pks12
p.His63_Gly64insSerAspHisIleAlaGluLeu,Rv2407,
p.His955Pro,Rv2931,ppsA
p.Ile231Thr,Rv2037c,
p.Leu271Val,Rv1148c,
p.Lys386Ile,Rv2885c,
p.Met306Ile,Rv3795,embB
p.Met306Val,Rv3795,embB
p.Pro104fs,Rv0698,
p.Pro463Ser,Rv0018c,pstP
p.Ser115Ala,Rv0932c,pstS2
p.Ser162Cys,Rv2825c,
p.Ser167_Gly168del,Rv3641c,fic
p.Ser243fs,Rv1995,
p.Ser315Thr,Rv1908c,katG
p.Ser450Leu,Rv0667,rpoB
p.Ser91Pro,Rv0006,gyrA
p.Ser94Ala,Rv1484,inhA
p.Ser95Thr,Rv0006,gyrA
p.Thr121fs,Rv0888,
p.Trp109*,Rv1704c,cycA
p.Val250Ala,Rv0048c,
p.Val483Ala,Rv0668,rpoC
